scenario,subset,ground_truth_length_mm,ground_truth_width_mm,ground_truth_height_mm,measured_length_mm,measured_width_mm,measured_height_mm,abs_error_length_mm,abs_error_width_mm,abs_error_height_mm,relative_error_length_percent,relative_error_width_percent,relative_error_height_percent,passed,expected_reject,false_ok,status,evidence_type
mc_0000_box,yaw_only,354.86590276703924,134.2479631343561,19.876050019906433,356.14741951701524,135.31500427841945,20.829196912715354,1.2815167499759923,1.067041144063353,0.9531468928089204,0.36112704545110286,0.7948285539315425,4.795454287216607,True,False,False,ok,MONTE CARLO SYNTHETIC | yaw_only
mc_0001_box,tilted_irregular,352.6578124111485,225.992947381791,55.16097965014907,356.37721299133193,230.096743037049,57.84701432402867,3.7194005801834464,4.103795655258011,2.686034673879597,1.054676927402691,1.8158954528457412,4.869447009308757,True,False,False,ok,MONTE CARLO SYNTHETIC | tilted_irregular
mc_0002_box,small_object,35.48443587157268,22.299776714524874,14.28678181888969,36.346885095036846,22.90341190476925,15.113623001195888,0.8624492234641679,0.6036351902443755,0.8268411823061985,2.430500027069879,2.706911364951919,5.78745579506902,True,False,False,ok,MONTE CARLO SYNTHETIC | small_object
mc_0003_box,noisy_incomplete,238.27117217116512,200.60276417422833,195.8021174904552,0.0,0.0,0.0,238.27117217116512,200.60276417422833,195.8021174904552,100.0,100.0,100.0,False,True,False,insufficient_depth_data,MONTE CARLO SYNTHETIC | noisy_incomplete
mc_0004_box,yaw_only,371.521930636133,195.0117071648296,125.45995798297739,371.89974482573166,195.3948836561213,125.98330367311995,0.3778141895986664,0.3831764912916924,0.5233456901425626,0.10169364402035691,0.1964889682073397,0.4171416112012177,True,False,False,ok,MONTE CARLO SYNTHETIC | yaw_only
mc_0005_composite,tilted_irregular,297.7861708263238,208.94150225040568,172.80981539383026,298.50816288654937,217.52231555489865,172.89399775993542,0.7219920602255456,8.580813304492978,0.0841823661051535,0.24245318653384648,4.106801766079633,0.04871388000346132,True,False,False,ok,MONTE CARLO SYNTHETIC | tilted_irregular
mc_0006_box,small_object,38.874642186304726,33.619819341647585,27.055334651957345,39.5347814839311,33.67994207217649,27.281239765031685,0.6601392976263725,0.060122730528902935,0.22590511307434014,1.6981231478933974,0.1788312123807996,0.8349743811355769,True,False,False,ok,MONTE CARLO SYNTHETIC | small_object
mc_0007_composite,noisy_incomplete,342.57637903199947,223.92585440633408,160.36217194173867,332.8069998006607,226.89055392661464,161.6918240261518,9.769379231338746,2.9646995202805613,1.3296520844131408,2.851737547972099,1.3239648133264865,0.8291556969534049,True,False,False,ok,MONTE CARLO SYNTHETIC | noisy_incomplete
mc_0008_box,yaw_only,398.4299407024956,243.36939194292654,242.78689185858795,399.084784869001,243.39501305257485,243.3130687398299,0.6548441665053701,0.025621109648312768,0.5261768812419518,0.16435616393456157,0.010527663090156082,0.21672376017253245,True,False,False,ok,MONTE CARLO SYNTHETIC | yaw_only
mc_0009_l_prism,tilted_irregular,394.71865439898903,272.4590272111316,75.93503569015645,404.5596432005914,273.1743362063504,78.56046318596704,9.84098880160235,0.715308995218777,2.625427495810584,2.493165370303197,0.26253818878406104,3.4574652819329894,True,False,False,ok,MONTE CARLO SYNTHETIC | tilted_irregular
mc_0010_box,small_object,38.08523566322611,14.036312529320119,11.93642179112471,38.54716487612137,14.847382764187444,12.405649089160558,0.4619292128952637,0.8110702348673247,0.4692272980358485,1.2128826429746575,5.778371158187731,3.9310549362853533,True,False,False,ok,MONTE CARLO SYNTHETIC | small_object
mc_0011_l_prism,noisy_incomplete,292.05464054685336,194.67323607138286,63.32454522149619,293.50188799987586,195.93679412589978,65.22977210565577,1.4472474530224986,1.2635580545169205,1.9052268841595819,0.4955399613964776,0.6490661377065713,3.0086704570802545,True,False,False,ok,MONTE CARLO SYNTHETIC | noisy_incomplete
mc_0012_box,yaw_only,358.0867321667888,244.67231154590345,98.40990201357964,358.65228683113367,244.85325709930837,98.89604637607854,0.5655546643448588,0.1809455534049107,0.486144362498905,0.15793789982741838,0.07395424200705406,0.49399943760925774,True,False,False,ok,MONTE CARLO SYNTHETIC | yaw_only
mc_0013_l_prism,tilted_irregular,236.11509476565323,139.93460699278836,37.88306223490284,241.22111803827045,139.88328103978822,39.2155753922815,5.106023272617222,0.051325953000144864,1.3325131573786635,2.162514547274076,0.0366785272800959,3.517437817239014,True,False,False,ok,MONTE CARLO SYNTHETIC | tilted_irregular
mc_0014_box,small_object,35.609674982505034,32.32951717230488,10.670009321758052,35.95580926779604,33.052462982139076,10.98658156527493,0.34613428529100787,0.7229458098341937,0.3165722435168785,0.972023152306397,2.236178802118041,2.9669350229275926,True,False,False,ok,MONTE CARLO SYNTHETIC | small_object
mc_0015_l_prism,noisy_incomplete,293.35136964505404,280.499714955243,216.20140030810126,294.6810824998187,281.4680828595591,218.18472008876356,1.3297128547646366,0.9683679043160964,1.983319780662299,0.4532833292626339,0.3452295502227554,0.9173482585385375,True,False,False,ok,MONTE CARLO SYNTHETIC | noisy_incomplete
mc_0016_box,yaw_only,307.16117032381294,129.72499681643654,77.88805051452371,307.8930021316081,130.15141417214898,78.72880725084057,0.7318318077951744,0.4264173557124309,0.8407567363168624,0.23825661525630623,0.32870870393299756,1.079442521366082,True,False,False,ok,MONTE CARLO SYNTHETIC | yaw_only
mc_0017_box,tilted_irregular,329.2995827211373,262.9506825837921,46.22863145313567,335.0504463818202,268.4183317223866,51.039883564748386,5.75086366068291,5.467649138594481,4.811252111612717,1.746392635290081,2.07934396095441,10.407515776213556,True,False,False,ok,MONTE CARLO SYNTHETIC | tilted_irregular
mc_0018_box,small_object,23.534927594063465,19.337260505481495,10.186385324386212,24.270660383004262,20.392153537752222,10.897002000579436,0.7357327889407976,1.0548930322707264,0.710616676193224,3.126131516658592,5.455235150665204,6.976141718220765,True,False,False,ok,MONTE CARLO SYNTHETIC | small_object
mc_0019_box,noisy_incomplete,210.5746484931305,120.23069340248881,36.70869348202592,211.76841685162202,121.14252865453642,38.03951410509819,1.1937683584915249,0.9118352520476094,1.3308206230722703,0.5669098189331508,0.758404718664572,3.625355458983836,True,False,False,ok,MONTE CARLO SYNTHETIC | noisy_incomplete
mc_0020_box,yaw_only,247.67325266954379,216.30010084010632,117.35808649742738,247.97243839858018,216.62530263051926,117.71766235393783,0.2991857290363953,0.3252017904129332,0.3595758565104461,0.12079856254626803,0.1503474982905021,0.30639205805245334,True,False,False,ok,MONTE CARLO SYNTHETIC | yaw_only
mc_0021_box,tilted_irregular,311.8240233977989,192.6656660054443,179.8576616683048,320.83999442965944,206.43224855408337,180.7905943885317,9.015971031860545,13.766582548639064,0.9329327202269155,2.8913651147264963,7.145322170816907,0.5187061321565711,False,False,False,low_confidence,MONTE CARLO SYNTHETIC | tilted_irregular
mc_0022_box,small_object,36.26004784536403,34.29044718890471,31.321189577905965,36.68967024305503,34.407336460573305,31.604488574968975,0.42962239769100563,0.11688927166859742,0.2832989970630102,1.1848368196401438,0.34087998626748456,0.9044962879150986,True,False,False,ok,MONTE CARLO SYNTHETIC | small_object
mc_0023_l_prism,noisy_incomplete,369.53578823698456,278.88324293083434,211.09835998687086,0.0,0.0,0.0,369.53578823698456,278.88324293083434,211.09835998687086,100.00000000000001,100.0,100.0,False,True,False,insufficient_depth_data,MONTE CARLO SYNTHETIC | noisy_incomplete
mc_0024_box,yaw_only,213.63706476043507,165.18660952335173,92.56804659501874,214.05107366227637,165.53852648668556,93.25369493994356,0.41400890184129935,0.35191696333382083,0.6856483449248145,0.19379076486823765,0.2130420645773178,0.7406965687895487,True,False,False,ok,MONTE CARLO SYNTHETIC | yaw_only
mc_0025_cylinder,tilted_irregular,133.36890283995098,133.36890283995098,84.85862141707767,133.92752014437127,133.3184218818409,86.20730894619376,0.5586173044202951,0.050480958110085794,1.3486875291160914,0.41885124082535374,0.03785062112317542,1.5893347153111659,True,False,False,ok,MONTE CARLO SYNTHETIC | tilted_irregular
mc_0026_box,small_object,31.444500717549094,25.37059801108197,21.666164780853272,31.774217619436257,26.39717335726539,22.25141629410812,0.3297169018871635,1.0265753461834208,0.5852515132548497,1.0485677761235668,4.046319072711683,2.7012234014394907,True,False,False,ok,MONTE CARLO SYNTHETIC | small_object
mc_0027_box,noisy_incomplete,225.72154002470964,134.581087356041,53.007006376335966,227.0634533347492,136.21223790398864,54.81802748007689,1.3419133100395584,1.631150547947641,1.8110211037409272,0.594499448254987,1.2120206338000157,3.416569294412041,True,False,False,ok,MONTE CARLO SYNTHETIC | noisy_incomplete
mc_0028_box,yaw_only,150.85200283870435,85.12517304795601,47.88346757738483,151.08742646230743,85.57590192212608,48.413895439462735,0.2354236236030829,0.4507288741700677,0.5304278620779073,0.15606264363278302,0.5294895246981121,1.1077473894735774,True,False,False,ok,MONTE CARLO SYNTHETIC | yaw_only
mc_0029_composite,tilted_irregular,212.31602329422705,160.8680348277953,126.8637359863246,211.57930719221707,160.33976046058524,128.48608019291848,0.7367161020099786,0.5282743672100594,1.6223442065938798,0.346990345137088,0.3283898928556952,1.2788084742898964,True,False,False,ok,MONTE CARLO SYNTHETIC | tilted_irregular
mc_0030_box,small_object,36.61539997046494,20.483647017688373,16.76508987967521,0.0,0.0,0.0,36.61539997046494,20.483647017688373,16.76508987967521,100.0,100.0,100.0,False,False,False,measurement_out_of_range,MONTE CARLO SYNTHETIC | small_object
mc_0031_cylinder,noisy_incomplete,170.0461236440494,170.0461236440494,69.45344501695833,170.34733552278908,168.76570152420328,72.05611240785106,0.3012118787396787,1.280422119846122,2.6026673908927336,0.17713539849352475,0.7529851856701993,3.7473553547376155,True,False,False,ok,MONTE CARLO SYNTHETIC | noisy_incomplete
mc_0032_box,yaw_only,160.73594056999994,139.05248955392972,80.74646336526986,161.28339638264563,139.50094138648257,81.54674254333395,0.5474558126456941,0.4484518325528484,0.8002791780640877,0.3405932803231888,0.3225054322949911,0.9911012132431034,True,False,False,ok,MONTE CARLO SYNTHETIC | yaw_only
mc_0033_composite,tilted_irregular,144.91771445646833,108.11934112139534,86.99763322289905,148.17732127052545,107.49501904633094,87.34173803076365,3.259606814057122,0.6243220750643985,0.3441048078645963,2.2492811360451532,0.5774379205321052,0.3955335278868516,False,False,False,low_confidence,MONTE CARLO SYNTHETIC | tilted_irregular
mc_0034_box,small_object,36.26946900576686,14.16073276345315,12.241803191946682,35.988249007466635,14.237999667625951,12.615669060797657,0.28121999830022304,0.07726690417280047,0.3738658688509755,0.7753628768469397,0.5456419908736321,3.05400979732238,True,False,False,ok,MONTE CARLO SYNTHETIC | small_object
mc_0035_cylinder,noisy_incomplete,238.29068055913592,238.29068055913592,195.52530096396154,0.0,0.0,0.0,238.29068055913592,238.29068055913592,195.52530096396154,100.0,100.0,99.99999999999999,False,False,False,object_overlap,MONTE CARLO SYNTHETIC | noisy_incomplete
mc_0036_box,yaw_only,228.2040951921335,180.89013973267868,33.04779758002897,228.76993849033983,181.57501413037323,33.754624532902334,0.5658432982063175,0.684874397694557,0.7068269528733637,0.24795492724611845,0.37861344941557984,2.1388019917566443,True,False,False,ok,MONTE CARLO SYNTHETIC | yaw_only
mc_0037_l_prism,tilted_irregular,330.2162470840163,70.49493543586267,55.9278858382971,337.95635329192237,74.58489023983581,57.319133720026414,7.740106207906081,4.089954803973143,1.3912478817293135,2.343950752349499,5.8017711182872755,2.48757459874631,True,False,False,ok,MONTE CARLO SYNTHETIC | tilted_irregular
mc_0038_box,small_object,34.2295762026529,26.240220268633447,16.938060387323493,34.77939705782393,27.030335936750024,17.65428700091682,0.5498208551710277,0.7901156681165773,0.716226613593328,1.6062742112723407,3.011086263864375,4.228504310501541,True,False,False,ok,MONTE CARLO SYNTHETIC | small_object
mc_0039_cylinder,noisy_incomplete,247.42392323192496,247.42392323192496,64.4118779135553,247.5586514527689,247.4369704034018,66.72894218618579,0.13472822084395375,0.013047171476841868,2.317064272630489,0.054452382406718645,0.005273205317584423,3.5972624113523466,True,False,False,ok,MONTE CARLO SYNTHETIC | noisy_incomplete
mc_0040_box,yaw_only,236.51441248084984,211.68599187111474,192.53670097236,237.0637909967569,211.65548539114488,192.84369963396338,0.5493785159070512,0.030506479969858447,0.3069986616033873,0.23228120017909412,0.014411194477352262,0.15944942447490004,True,False,False,ok,MONTE CARLO SYNTHETIC | yaw_only
mc_0041_l_prism,tilted_irregular,255.16004604467017,202.20098064954993,103.68497653302494,254.56756076099754,207.92981879634684,104.83483244740937,0.5924852836726302,5.728838146796903,1.1498559143844318,0.232201433122843,2.8332395463135724,1.1089898969289813,True,False,False,ok,MONTE CARLO SYNTHETIC | tilted_irregular
mc_0042_box,small_object,33.930910518565014,28.26754165541603,24.487597862064902,34.221897164112846,28.354770578133607,25.05743811636585,0.29098664554783227,0.08722892271757843,0.5698402543009493,0.8575857267037422,0.30858333484003364,2.3270565676175226,True,False,False,ok,MONTE CARLO SYNTHETIC | small_object
mc_0043_cylinder,noisy_incomplete,107.91271591678618,107.91271591678618,92.90845367750293,0.0,0.0,0.0,107.91271591678618,107.91271591678618,92.90845367750293,100.0,100.0,100.0,False,True,False,insufficient_depth_data,MONTE CARLO SYNTHETIC | noisy_incomplete
mc_0044_box,yaw_only,388.1014599073047,126.43121301341681,41.4577214015258,388.56625166626463,126.81793059426606,41.926439158973764,0.4647917589599615,0.38671758084925045,0.46871775744796196,0.11976037376179254,0.3058719216814065,1.1305921830781356,True,False,False,ok,MONTE CARLO SYNTHETIC | yaw_only
mc_0045_composite,tilted_irregular,297.95920484123354,273.89268940130717,35.241301073762294,284.23391958463765,262.335531026269,37.456462059214076,13.725285256595896,11.55715837503817,2.2151609854517815,4.60643102598873,4.219593593498452,6.2856958113303145,True,False,False,ok,MONTE CARLO SYNTHETIC | tilted_irregular
mc_0046_box,small_object,31.455980900655355,14.5165641280441,12.558140922556543,32.51997998656903,14.877096567755856,12.873679766973996,1.0639990859136716,0.36053243971175597,0.3155388444174534,3.3825016910901806,2.4835934766082457,2.5126238538276975,True,False,False,ok,MONTE CARLO SYNTHETIC | small_object
mc_0047_composite,noisy_incomplete,299.1239802827856,136.5353416163232,122.39322976520934,299.7599167552801,136.75841791744952,123.61943873035229,0.6359364724944498,0.22307630112632637,1.2262089651429449,0.21259962905456414,0.1633835595132513,1.0018601253477981,True,False,False,ok,MONTE CARLO SYNTHETIC | noisy_incomplete
mc_0048_box,yaw_only,174.78514519302428,156.5471511943083,142.83738957640924,175.2392256017381,156.88747191277778,143.31043932397355,0.45408040871382127,0.340320718469485,0.4730497475643176,0.25979347856613144,0.21739183107016402,0.33118061662087783,True,False,False,ok,MONTE CARLO SYNTHETIC | yaw_only
mc_0049_cylinder,tilted_irregular,45.00371856002806,45.00371856002806,41.43712511825805,44.95405775871478,44.613381751302136,42.328347520670306,0.04966080131327999,0.3903368087259267,0.8912224024122537,0.11034821766348062,0.8673434578639924,2.1507824200370567,True,False,False,ok,MONTE CARLO SYNTHETIC | tilted_irregular
mc_0050_box,small_object,24.695566362440037,17.73309028895855,11.044679830820826,25.40039335740731,18.203268858342796,11.401366752797683,0.7048269949672736,0.4701785693842453,0.35668692197685736,2.8540628897633162,2.651419249114185,3.229490826719138,True,False,False,ok,MONTE CARLO SYNTHETIC | small_object
mc_0051_l_prism,noisy_incomplete,343.80104542167305,262.35840135828175,73.26806438663971,344.84594848106474,263.2148634518466,74.50250231884507,1.044903059391686,0.8564620935648577,1.234437932205367,0.30392666727063294,0.32644736708669614,1.6848239987495348,True,False,False,ok,MONTE CARLO SYNTHETIC | noisy_incomplete
mc_0052_box,yaw_only,268.78932783165146,241.06921182060896,151.22259240267448,269.28390448672303,241.63984775128966,151.77023429131063,0.4945766550715689,0.5706359306807087,0.54764188863615,0.18400159673799732,0.23671041456150196,0.3621429046645973,True,False,False,ok,MONTE CARLO SYNTHETIC | yaw_only
mc_0053_composite,tilted_irregular,140.56886584436273,131.30642241954925,13.436799105004836,131.205946717905,124.75115301194265,15.979030148215088,9.36291912645774,6.555269407606602,2.5422310432102524,6.66073463011669,4.992344842555573,18.91991554940597,False,False,False,ok,MONTE CARLO SYNTHETIC | tilted_irregular
mc_0054_box,small_object,36.49920187998126,35.86533866769014,23.015567933549736,37.33015117413541,36.50266257689864,23.752231619692477,0.8309492941541521,0.6373239092085043,0.7366636861427409,2.2766231899714593,1.7769911922862942,3.2007191318051644,True,False,False,ok,MONTE CARLO SYNTHETIC | small_object
mc_0055_l_prism,noisy_incomplete,327.5638639599402,179.55815606898275,135.8485760444541,328.47055332601497,181.38581764260488,137.86548036275138,0.9066893660747724,1.8276615736221231,2.0169043182972928,0.2767977380391559,1.017866085080519,1.484670930696613,True,False,False,ok,MONTE CARLO SYNTHETIC | noisy_incomplete
mc_0056_box,yaw_only,222.21431819412103,152.60654195981562,84.32796888935121,222.92657186123554,153.1545659265081,85.23973457554114,0.7122536671145099,0.5480239666924831,0.9117656861899235,0.3205255506948487,0.3591090916907015,1.081213858460499,True,False,False,ok,MONTE CARLO SYNTHETIC | yaw_only
mc_0057_cylinder,tilted_irregular,136.89719338498065,136.89719338498065,126.34250427494581,145.11318914752067,137.47676778594771,125.87896152140571,8.215995762540018,0.5795744009670614,0.46354275354009644,6.001580864726052,0.4233647064897738,0.36689375139449304,False,False,False,low_confidence,MONTE CARLO SYNTHETIC | tilted_irregular
mc_0058_box,small_object,33.29637296510851,21.33834574085865,16.424421339314122,33.71122959567568,21.123322310205936,16.681927727547016,0.41485663056717215,0.2150234306527139,0.25750638823289407,1.2459514163957233,1.0076855688067101,1.5678262443043698,True,False,False,ok,MONTE CARLO SYNTHETIC | small_object
mc_0059_composite,noisy_incomplete,234.66490876730902,100.05669958437686,36.90596352632277,232.28117837722587,102.19132169546495,39.278114606077345,2.3837303900831444,2.134622111088092,2.3721510797545733,1.0158018097400423,2.1334124750816765,6.427554934482777,True,False,False,ok,MONTE CARLO SYNTHETIC | noisy_incomplete
mc_0060_box,yaw_only,385.1401038257448,61.59363971027342,11.653259693889598,386.14726583321624,53.53943458430808,5.976371001866924,1.007162007471436,8.054205125965339,5.676888692022675,0.2615053580416343,13.076358474431816,48.71502773596781,False,False,False,ok,MONTE CARLO SYNTHETIC | yaw_only
mc_0061_box,tilted_irregular,284.0152105306863,80.47004902941839,42.968540821412915,287.47194387252495,82.50639263102,44.36316526141601,3.4567333418386283,2.036343601601615,1.394624440003092,1.2170944420123397,2.5305609057814356,3.245687224519609,True,False,False,ok,MONTE CARLO SYNTHETIC | tilted_irregular
mc_0062_box,small_object,32.90517545622552,31.827364587352967,10.928295482783556,33.213075041682565,32.37878538010599,11.104836484434166,0.30789958545704366,0.5514207927530208,0.1765410016506106,0.9357178048378719,1.7325367648320316,1.6154486482245416,True,False,False,ok,MONTE CARLO SYNTHETIC | small_object
mc_0063_composite,noisy_incomplete,301.5349437119468,106.60599942267288,85.06159236936666,0.0,0.0,0.0,301.5349437119468,106.60599942267288,85.06159236936666,100.0,100.0,100.0,False,True,False,insufficient_depth_data,MONTE CARLO SYNTHETIC | noisy_incomplete
mc_0064_box,yaw_only,277.69446636059763,234.94252327840346,115.28372658429932,278.135536352168,235.07307077093884,115.55131876126289,0.4410699915703731,0.1305474925353849,0.26759217696357496,0.1588328342840025,0.05556571484536583,0.23211617536313991,True,False,False,ok,MONTE CARLO SYNTHETIC | yaw_only
mc_0065_cylinder,tilted_irregular,81.47882047729003,81.47882047729003,74.85800700245068,88.3547965274122,81.70744540368727,74.61960205596469,6.875976050122176,0.22862492639724508,0.23840494648598565,8.438973477823804,0.28059430052864837,0.3184762138780703,False,False,False,low_confidence,MONTE CARLO SYNTHETIC | tilted_irregular
mc_0066_box,small_object,28.947914761484554,25.34835466178703,18.375647374217245,29.576518909164406,26.040744299132495,19.12951737908849,0.6286041476798516,0.6923896373454639,0.7538700048712457,2.171500617088367,2.731497355878684,4.102549366119182,True,False,False,ok,MONTE CARLO SYNTHETIC | small_object
mc_0067_l_prism,noisy_incomplete,144.59379933275358,106.73278404459745,51.67806295823707,145.6806803226459,106.40072875480962,52.64730218656388,1.086880989892336,0.3320552897878315,0.9692392283268063,0.7516788374798132,0.31110899313662127,1.8755332008285293,True,False,False,ok,MONTE CARLO SYNTHETIC | noisy_incomplete
mc_0068_box,yaw_only,135.7478535264382,131.59091151063754,120.71958068307345,136.69406407893965,132.02700317651662,121.54420921288197,0.9462105525014408,0.43609166587907566,0.8246285298085212,0.6970353695626997,0.3313995327434318,0.6830942628714295,True,False,False,ok,MONTE CARLO SYNTHETIC | yaw_only
mc_0069_composite,tilted_irregular,175.7936489427486,91.25547763567398,36.23306855895271,175.9278297775066,94.83948322463692,37.31646772735038,0.13418083475798426,3.5840055889629383,1.0833991683976691,0.07632860206552937,3.927441597831124,2.9900839522739666,True,False,False,ok,MONTE CARLO SYNTHETIC | tilted_irregular
mc_0070_box,small_object,26.787967976838768,14.614039449779352,10.09392182014638,26.74223881391589,15.374143639710724,10.303312175623873,0.04572916292287843,0.7601041899313721,0.20939035547749363,0.17070784526253155,5.201191583911103,2.0744202224706463,True,False,False,ok,MONTE CARLO SYNTHETIC | small_object
mc_0071_l_prism,noisy_incomplete,346.86781042548665,73.05629493051555,21.859653141130263,349.9136176401246,73.66629520934521,24.28846735263051,3.0458072146379322,0.6100002788296592,2.428814211500246,0.8780887482472881,0.8349729197324277,11.110945795065177,True,False,False,ok,MONTE CARLO SYNTHETIC | noisy_incomplete
mc_0072_box,yaw_only,173.30824383241097,156.91419758596808,85.2468832853761,174.21014813866526,157.8105977440459,86.2383291510286,0.9019043062542949,0.8964001580778245,0.9914458656524943,0.5204047345413275,0.5712677194724312,1.1630288726609368,True,False,False,ok,MONTE CARLO SYNTHETIC | yaw_only
mc_0073_cylinder,tilted_irregular,257.20840111681065,257.20840111681065,114.59903807669197,257.4741621116906,257.363226283451,114.94385411359023,0.2657609948799404,0.1548251666403644,0.34481603689826557,0.10332516112459547,0.060194443870459295,0.3008891197389526,True,False,False,ok,MONTE CARLO SYNTHETIC | tilted_irregular
mc_0074_box,small_object,27.231686239346537,25.35663084517067,25.296854214821288,27.720125610909438,25.621182927119122,25.57945317923656,0.48843937156290096,0.2645520819484517,0.2825989644152713,1.7936435051060642,1.0433250519906405,1.1171308575186323,True,False,False,ok,MONTE CARLO SYNTHETIC | small_object
mc_0075_l_prism,noisy_incomplete,286.4078053667697,253.8591652820675,177.8193999863432,288.79787101027136,255.28284628520578,180.0536626001596,2.390065643501657,1.4236810031382845,2.234262613816412,0.8344973840503311,0.560815285733886,1.2564785473283606,True,False,False,ok,MONTE CARLO SYNTHETIC | noisy_incomplete
mc_0076_box,yaw_only,202.22829827855256,190.32567520500677,141.78790375516425,202.8836559527583,190.61502379401514,142.37347441031582,0.6553576742057317,0.28934858900836957,0.5855706551515709,0.3240682336667993,0.15202814265426962,0.4129905581809852,True,False,False,ok,MONTE CARLO SYNTHETIC | yaw_only
mc_0077_cylinder,tilted_irregular,181.31037071385734,181.31037071385734,129.38608950600386,181.30801651105955,181.18416809003116,129.9830657124155,0.0023542027977896396,0.12620262382617398,0.5969762064116537,0.0012984380256466546,0.06960584953264809,0.4613913355685369,True,False,False,ok,MONTE CARLO SYNTHETIC | tilted_irregular
mc_0078_box,small_object,20.629834884272277,20.60075240611227,11.687605612307241,21.130609534350743,21.101801133019027,11.870933730794198,0.5007746500784656,0.5010487269067561,0.18332811848695663,2.4274292687637793,2.432186538769789,1.5685686578430496,True,False,False,ok,MONTE CARLO SYNTHETIC | small_object
mc_0079_composite,noisy_incomplete,181.45281729661747,145.49283382580057,37.16237329111027,171.45517996087062,145.20120676237684,39.50255489910076,9.997637335746845,0.2916270634237321,2.3401816079904876,5.5097724492223765,0.20044084354896746,6.297180187225259,False,False,False,ok,MONTE CARLO SYNTHETIC | noisy_incomplete
mc_0080_box,yaw_only,271.430790733115,201.34172356678064,143.56221214844638,271.8200960906257,201.48689760500946,143.86205647394084,0.3893053575107501,0.14517403822881647,0.2998443254944618,0.14342711689387355,0.07210330559262618,0.20886020144661496,True,False,False,ok,MONTE CARLO SYNTHETIC | yaw_only
mc_0081_cylinder,tilted_irregular,147.31186252519586,147.31186252519586,86.73898002132212,147.91089758418488,147.66449759739095,87.18342451758198,0.599035058989017,0.35263507219508483,0.4444444962598624,0.4066441417007809,0.2393799563390701,0.5123930396121897,True,False,False,ok,MONTE CARLO SYNTHETIC | tilted_irregular
mc_0082_box,small_object,38.50120879251127,38.45768976944103,27.655102056359112,39.05171399101012,38.60723614582085,28.010373579314653,0.5505051984988469,0.14954637637981705,0.3552715229555403,1.4298387395201049,0.3888594901991448,1.2846509198610891,True,False,False,ok,MONTE CARLO SYNTHETIC | small_object
mc_0083_cylinder,noisy_incomplete,204.51656511659908,204.51656511659908,135.03202061784117,0.0,0.0,0.0,204.51656511659908,204.51656511659908,135.03202061784117,100.0,100.0,100.0,False,True,False,insufficient_depth_data,MONTE CARLO SYNTHETIC | noisy_incomplete
mc_0084_box,yaw_only,269.1462896142002,258.40620665146736,257.7981260073781,269.6422943903209,258.8042807364568,258.17105745184483,0.49600477612068516,0.39807408498944596,0.37293144446675797,0.18428817162282585,0.15404973825816792,0.14466026198192178,True,False,False,ok,MONTE CARLO SYNTHETIC | yaw_only
mc_0085_l_prism,tilted_irregular,319.56836615267235,221.43043397490098,198.78546627917936,333.48059247973436,228.37195078161574,199.80318645954392,13.912226327062001,6.941516806714759,1.017720180364563,4.353442893786144,3.134852189063395,0.511969108916268,True,False,False,ok,MONTE CARLO SYNTHETIC | tilted_irregular
mc_0086_box,small_object,26.89390795648508,17.565264730900477,16.928844040539072,27.79383388178499,18.02305571820719,17.548815040089654,0.899925925299911,0.4577909873067121,0.6199709995505813,3.3462073520739732,2.6062287948406206,3.662216971613375,True,False,False,ok,MONTE CARLO SYNTHETIC | small_object
mc_0087_l_prism,noisy_incomplete,227.14423862894643,141.3449509347028,96.18806587950093,228.64525481360118,142.20243479521127,98.53709825130647,1.501016184654759,0.8574838605084665,2.3490323718055492,0.6608207162615988,0.6066604111699743,2.442124550823474,True,False,False,ok,MONTE CARLO SYNTHETIC | noisy_incomplete
mc_0088_box,yaw_only,369.50988255475477,259.37983849177954,66.85335441945244,370.6109767177797,260.34454375591974,67.85526468173397,1.101094163024925,0.964705264140207,1.0019102622815268,0.29798774403868955,0.37192762157216824,1.4986686471935642,True,False,False,ok,MONTE CARLO SYNTHETIC | yaw_only
mc_0089_cylinder,tilted_irregular,188.58689424218707,188.58689424218707,181.39167100804113,196.7298683399419,189.25996048444026,181.55716366638237,8.14297409775483,0.673066242253185,0.16549265834123617,4.317889708336498,0.35689979675301287,0.09123498197108501,False,False,False,low_confidence,MONTE CARLO SYNTHETIC | tilted_irregular
mc_0090_box,small_object,28.710510714986142,26.29377364911591,14.31809723690359,30.180104777193378,26.677896821711585,15.02938479040698,1.4695940622072357,0.3841231725956753,0.7112875535033893,5.118662209795334,1.4608902385854032,4.967751941718279,True,False,False,ok,MONTE CARLO SYNTHETIC | small_object
mc_0091_composite,noisy_incomplete,352.2251394483204,273.1334587545566,59.66707132630691,335.40296331691,270.02873659531076,62.62925789990176,16.8221761314104,3.1047221592458527,2.962186573594849,4.7759725946190175,1.1367051746069017,4.964524833798631,True,False,False,ok,MONTE CARLO SYNTHETIC | noisy_incomplete
mc_0092_box,yaw_only,261.85004189415986,60.72211442369563,21.437357371163603,262.55749235485143,61.99465192444148,22.284399120304105,0.7074504606915752,1.2725375007458481,0.8470417491405016,0.27017389631639915,2.0956738954552363,3.9512414448988813,True,False,False,ok,MONTE CARLO SYNTHETIC | yaw_only
mc_0093_l_prism,tilted_irregular,278.9386257005469,102.44669475542973,56.99016656376092,281.29190511623574,105.70586011067674,58.107822787561396,2.35327941568886,3.2591653552470063,1.1176562238004735,0.8436549114625705,3.181327970636426,1.9611387212740172,True,False,False,ok,MONTE CARLO SYNTHETIC | tilted_irregular
mc_0094_box,small_object,28.438354899024944,12.55894096206278,11.00469571702828,28.920541414911042,13.40266695540604,11.607350419599086,0.48218651588609873,0.843725993343261,0.6026547025708062,1.6955499627112092,6.718130102625158,5.476341355247828,True,False,False,ok,MONTE CARLO SYNTHETIC | small_object
mc_0095_box,noisy_incomplete,89.14409206630084,78.35353636754292,43.018977924655196,90.57275956067848,80.74221895688014,45.23879798204584,1.4286674943776347,2.388682589337222,2.219820057390642,1.6026496666936318,3.0485957623307827,5.160094833676674,True,False,False,ok,MONTE CARLO SYNTHETIC | noisy_incomplete
mc_0096_box,yaw_only,268.0245711026028,186.64287671009873,108.45630885480371,268.8184309319037,187.02790902114364,109.12020602521412,0.7938598293009136,0.38503231104490965,0.663897170410408,0.2961891986376932,0.2062936008230078,0.6121332888981155,True,False,False,ok,MONTE CARLO SYNTHETIC | yaw_only
mc_0097_l_prism,tilted_irregular,201.2621793253599,173.2128040125898,52.39072939665555,201.78045065098547,179.31527122193464,53.4424166510529,0.5182713256255624,6.102467209344837,1.0516872543973506,0.2575105404119302,3.5231039899921517,2.007391892628406,True,False,False,ok,MONTE CARLO SYNTHETIC | tilted_irregular
mc_0098_box,small_object,34.62314639137437,26.575820095726005,25.48536312566196,35.236989634758544,27.210348713714836,26.118967230914087,0.6138432433841743,0.6345286179888312,0.6336041052521288,1.7729273834486066,2.387616320788075,2.4861490186660684,True,False,False,ok,MONTE CARLO SYNTHETIC | small_object
mc_0099_box,noisy_incomplete,160.57857751062687,68.17804530265872,32.56866013919611,161.70632560202756,69.56104680218141,34.0176955568314,1.12774809140069,1.3830014995226918,1.4490354176352866,0.7023029527871221,2.0285144482849518,4.449171109410745,True,False,False,ok,MONTE CARLO SYNTHETIC | noisy_incomplete
mc_0100_box,yaw_only,357.25706881424935,129.2386276333562,31.12612069752288,358.24367517266137,130.00674092128043,32.094817707906756,0.9866063584120184,0.7681132879242227,0.9686970103838775,0.27616146594008756,0.5943372364671987,3.112167493654195,True,False,False,ok,MONTE CARLO SYNTHETIC | yaw_only
mc_0101_l_prism,tilted_irregular,195.42238459086425,185.53970874252536,156.47171725950136,203.47225038911307,185.8280240923378,157.1925808195429,8.049865798248817,0.28831534981245,0.7208635600415505,4.119213781523541,0.15539280069289482,0.46069895100980485,False,False,False,low_confidence,MONTE CARLO SYNTHETIC | tilted_irregular
mc_0102_box,small_object,30.60644842975687,26.539387584681048,24.373936664552804,31.775341847249837,27.113630626526504,25.10891579906959,1.168893417492967,0.574243041845456,0.7349791345167844,3.819108316914418,2.163738858001826,3.0154305586002033,True,False,False,ok,MONTE CARLO SYNTHETIC | small_object
mc_0103_l_prism,noisy_incomplete,224.80420792791134,93.37669092582898,18.157171227139347,0.0,0.0,0.0,224.80420792791134,93.37669092582898,18.157171227139347,100.0,100.00000000000001,100.0,False,True,False,insufficient_depth_data,MONTE CARLO SYNTHETIC | noisy_incomplete
mc_0104_box,yaw_only,277.1706216752871,220.07888880223382,170.7213905952912,278.296540132128,220.64862973009852,171.4498614437998,1.12591845684085,0.5697409278647001,0.7284708485085787,0.40621854150180964,0.2588803183101664,0.4267015667857799,True,False,False,ok,MONTE CARLO SYNTHETIC | yaw_only
mc_0105_composite,tilted_irregular,386.31373148073624,279.93222158945144,93.12226774461666,385.3948304638252,282.42619800394834,96.1048241843486,0.9189010169110361,2.493976414496899,2.982556439731937,0.23786392820904884,0.8909215239089426,3.2028391403777388,True,False,False,ok,MONTE CARLO SYNTHETIC | tilted_irregular
mc_0106_box,small_object,34.221933230114175,25.70392995789664,10.60127404594446,35.0672733554691,26.165420099003345,11.515772278088738,0.8453401253549231,0.4614901411067045,0.9144982321442772,2.470170576485877,1.7954069352921174,8.626304991088503,True,False,False,ok,MONTE CARLO SYNTHETIC | small_object
mc_0107_box,noisy_incomplete,335.1226982440537,271.15087376255923,197.0411238707445,337.738602859428,273.91023613121797,199.89662837224,2.6159046153742906,2.759362368658742,2.8555045014954885,0.7805811510473257,1.017648341076361,1.4491921510601253,True,False,False,ok,MONTE CARLO SYNTHETIC | noisy_incomplete
mc_0108_box,yaw_only,345.3429959584898,285.6629414312246,86.40575035772079,345.89317658645945,286.11594230490414,86.90908661459865,0.5501806279696666,0.4530008736795139,0.5033362568778585,0.15931425695855095,0.15857880319018458,0.5825263420478853,True,False,False,ok,MONTE CARLO SYNTHETIC | yaw_only
mc_0109_composite,tilted_irregular,294.5633034141251,260.7342509907538,69.05264169358102,270.9260606432787,259.87830688001986,69.38678791319056,23.6372427708464,0.855944110733958,0.3341462196095364,8.024503560653962,0.328282190575841,0.4839007044687732,False,False,False,ok,MONTE CARLO SYNTHETIC | tilted_irregular
mc_0110_box,small_object,38.124138325752476,28.93413298492258,21.728676309102767,38.56253727472438,29.511456015744283,22.098787746599598,0.43839894897190135,0.5773230308217023,0.3701114374968313,1.1499248723367663,1.99530095172557,1.7033317273072035,True,False,False,ok,MONTE CARLO SYNTHETIC | small_object
mc_0111_box,noisy_incomplete,175.1291340719961,89.7839127952169,85.35298332368147,176.3336769146896,90.74807966437797,86.79733199409087,1.2045428426934848,0.9641668691610619,1.444348670409397,0.6878026600635698,1.073874861480114,1.6922064281362474,True,False,False,ok,MONTE CARLO SYNTHETIC | noisy_incomplete
mc_0112_box,yaw_only,235.34165952140484,153.47750955088534,46.890670174101146,235.41862263509978,153.69125686740182,47.224676701819774,0.07696311369494424,0.21374731651647494,0.3340065277186284,0.03270271563966102,0.13926947156098282,0.7123091362919105,True,False,False,ok,MONTE CARLO SYNTHETIC | yaw_only
mc_0113_box,tilted_irregular,358.1713687387871,105.9844370906879,91.48462291003223,361.26559484554446,108.71147544637,92.58685742245589,3.0942261067573327,2.7270383556820974,1.1022345124236637,0.8638954357666536,2.573055469784349,1.204830360953253,True,False,False,ok,MONTE CARLO SYNTHETIC | tilted_irregular
mc_0114_box,small_object,38.17719741372467,35.75835161723082,17.199799313204384,38.96048029350289,36.008664555451645,17.42912688506973,0.7832828797782199,0.2503129382208229,0.22932757186534758,2.051703458715988,0.7000125198729937,1.3333153933330577,True,False,False,ok,MONTE CARLO SYNTHETIC | small_object
mc_0115_cylinder,noisy_incomplete,298.52102700055116,298.52102700055116,250.84576371486585,298.7849268245914,297.9557998482096,253.08020035329113,0.2638998240402657,0.5652271523415493,2.2344366384252794,0.0884024240073978,0.18934249222601854,0.8907611614940979,True,False,False,ok,MONTE CARLO SYNTHETIC | noisy_incomplete
mc_0116_box,yaw_only,254.8736100128034,72.10646259610978,64.91358292718861,255.52969661008686,73.14782900286728,65.87527456426092,0.656086597283462,1.0413664067575041,0.9616916370723061,0.25741644937288877,1.4442067593726156,1.48149523367244,True,False,False,ok,MONTE CARLO SYNTHETIC | yaw_only
mc_0117_box,tilted_irregular,362.63375568550384,291.97657471040765,161.96591065851092,378.0263720110729,295.6219220370855,163.91118015417848,15.392616325569065,3.645347326677836,1.94526949566756,4.244672781901307,1.2485067784268022,1.2010363710231395,True,False,False,ok,MONTE CARLO SYNTHETIC | tilted_irregular
mc_0118_box,small_object,39.99157799180616,39.68379905222699,27.38199533962008,40.44139654518416,39.9739877640406,27.683979469156615,0.4498185533780017,0.29018871181361305,0.3019841295365353,1.124783206779599,0.7312523466609182,1.102856551507708,True,False,False,ok,MONTE CARLO SYNTHETIC | small_object
mc_0119_l_prism,noisy_incomplete,211.52788078532757,158.38606428986432,127.31684672071722,213.67760312203683,159.8075197064369,128.78025759725736,2.14972233670926,1.4214554165725701,1.463410876540138,1.0162832099145076,0.8974624269791481,1.1494243803809265,True,False,False,ok,MONTE CARLO SYNTHETIC | noisy_incomplete
mc_0120_box,yaw_only,371.4968330614671,250.14148841546483,230.92654316834992,371.82635812454896,250.3724565070891,231.30482701637004,0.32952506308186,0.2309680916242769,0.37828384802011783,0.08870198444661774,0.09233497933004121,0.16381133274243903,True,False,False,ok,MONTE CARLO SYNTHETIC | yaw_only
mc_0121_cylinder,tilted_irregular,232.8673199834034,232.8673199834034,228.38222442306537,243.9031358123084,232.86516891541254,227.23646207647064,11.035815828904987,0.0021510679908658403,1.1457623465947222,4.739100286674625,0.0009237311577335747,0.5016863065806125,False,False,False,low_confidence,MONTE CARLO SYNTHETIC | tilted_irregular
mc_0122_box,small_object,33.62755593235842,28.931470554180393,24.331473544570148,33.97734149176857,29.08923566490261,24.966283101525907,0.3497855594101509,0.15776511072221666,0.6348095569557586,1.040175385073307,0.5453062277866851,2.6090058039145094,True,False,False,ok,MONTE CARLO SYNTHETIC | small_object
mc_0123_l_prism,noisy_incomplete,265.34953724900345,216.2204145944335,182.77113521873648,0.0,0.0,0.0,265.34953724900345,216.2204145944335,182.77113521873648,100.0,100.0,100.00000000000001,False,True,False,insufficient_depth_data,MONTE CARLO SYNTHETIC | noisy_incomplete
mc_0124_box,yaw_only,231.08215096628606,166.4454480820198,90.69098694439211,231.5162815673715,166.6088488611875,90.91922557303938,0.4341306010854282,0.16340077916771634,0.22823862864727573,0.18786851311106503,0.09817077069430993,0.2516662750480619,True,False,False,ok,MONTE CARLO SYNTHETIC | yaw_only
mc_0125_composite,tilted_irregular,281.55099338101616,142.59671100766585,73.26345983950708,286.31894994384146,142.81307534977117,75.16882266082197,4.7679565628253044,0.2163643421053223,1.9053628213148954,1.6934611047075738,0.15173164975291104,2.6007000290306177,True,False,False,ok,MONTE CARLO SYNTHETIC | tilted_irregular
mc_0126_box,small_object,33.16920032119059,19.354127451979355,12.007906276399755,33.99673752136566,20.043183864794997,12.514091296599544,0.8275372001750725,0.689056412815642,0.5061850201997888,2.4948964465880996,3.5602556329408275,4.215431138021462,True,False,False,ok,MONTE CARLO SYNTHETIC | small_object
mc_0127_composite,noisy_incomplete,295.0487173475836,283.1954302792921,207.979772672007,273.44848672908773,265.6554216065166,210.15430256194963,21.600230618495857,17.540008672775514,2.1745298899426473,7.320903074135245,6.193605827423578,1.0455487387093043,False,False,False,ok,MONTE CARLO SYNTHETIC | noisy_incomplete
mc_0128_box,yaw_only,248.62965290675078,98.3605564472315,71.18790392224753,249.07604537630218,98.88073039240652,71.74497147562631,0.4463924695513981,0.5201739451750171,0.5570675533787863,0.17954112244158535,0.528844044771219,0.7825311923599039,True,False,False,ok,MONTE CARLO SYNTHETIC | yaw_only
mc_0129_box,tilted_irregular,392.7992130160025,248.9074293581502,87.44652570013137,399.9832720949364,251.17178970010724,89.63504575608562,7.184059078933899,2.2643603419570297,2.1885200559542426,1.8289392750492153,0.9097198696704493,2.502695262541408,True,False,False,ok,MONTE CARLO SYNTHETIC | tilted_irregular
mc_0130_box,small_object,32.008987241449574,16.86047649751653,16.334006757656663,33.08181321426429,17.918684945254324,16.906301047072397,1.0728259728147123,1.058208447737794,0.5722942894157335,3.351639852651982,6.276266556841755,3.503698130573303,True,False,False,ok,MONTE CARLO SYNTHETIC | small_object
mc_0131_l_prism,noisy_incomplete,255.4285626245994,134.04381399722718,92.35718543132757,257.2848248267626,135.35143194258765,94.81871569886782,1.8562622021631796,1.3076179453604766,2.4615302675402546,0.7267246008392992,0.9755153232118015,2.665228759456439,True,False,False,ok,MONTE CARLO SYNTHETIC | noisy_incomplete
mc_0132_box,yaw_only,384.1233534286227,278.2497752660778,101.0438907419095,384.8343661001039,278.71616934797385,101.78266058487807,0.7110126714812282,0.46639408189605547,0.7387698429685798,0.18510008962872068,0.16761705609647437,0.7311375656105489,True,False,False,ok,MONTE CARLO SYNTHETIC | yaw_only
mc_0133_composite,tilted_irregular,261.9792477058612,104.61416541635238,90.67273379088743,262.172248461811,111.42376280419543,90.91112883931997,0.1930007559498108,6.809597387843056,0.23839504843253678,0.07367024588394253,6.509249833176644,0.26291812154062943,False,False,False,low_confidence,MONTE CARLO SYNTHETIC | tilted_irregular
mc_0134_box,small_object,12.396273247509889,10.867603880722589,10.793518817752721,13.207722362817094,11.382608616864815,11.147957863472271,0.8114491153072052,0.5150047361422256,0.3544390457195501,6.545911816442136,4.738898673476337,3.283813663590263,False,False,False,low_confidence,MONTE CARLO SYNTHETIC | small_object
mc_0135_composite,noisy_incomplete,260.81710967803645,212.05932036862,142.53323286488427,247.7062705150776,208.35197159844367,145.03783008401217,13.110839162958854,3.7073487701763383,2.504597219127902,5.026832472433815,1.748260233849614,1.7572022810302483,False,False,False,ok,MONTE CARLO SYNTHETIC | noisy_incomplete
mc_0136_box,yaw_only,209.8508487531955,184.35949253567966,59.40883785267033,210.615121197495,184.80627866068022,60.27418318593747,0.7642724442995075,0.4467861250005569,0.8653453332671361,0.36419792859564004,0.24234506119292393,1.4565936055055153,True,False,False,ok,MONTE CARLO SYNTHETIC | yaw_only
mc_0137_l_prism,tilted_irregular,223.17917120139407,76.26743522875627,59.398225014781566,224.4895296371617,76.06570519330782,60.17064147881527,1.3103584357676255,0.20173003544844903,0.7724164640337037,0.5871329428789636,0.264503499879576,1.3004032760936606,True,False,False,ok,MONTE CARLO SYNTHETIC | tilted_irregular
mc_0138_box,small_object,39.47566976682091,34.47875523249638,30.82064388681005,39.6868551373625,34.78663770494988,31.306932526922512,0.21118537054159248,0.30788247245349964,0.48628864011246264,0.5349760290048142,0.8929628415451583,1.5778016899918625,True,False,False,ok,MONTE CARLO SYNTHETIC | small_object
mc_0139_cylinder,noisy_incomplete,117.36469496343467,117.36469496343467,82.10569228706062,117.09823554291492,116.82961159838239,83.17939710386861,0.2664594205197517,0.5350833650522873,1.0737048168079895,0.2270354135055418,0.4559150988455209,1.3077105702416678,True,False,False,ok,MONTE CARLO SYNTHETIC | noisy_incomplete
mc_0140_box,yaw_only,269.561117061966,132.32005556419136,131.48711393765237,270.0822771705955,132.18297125003158,131.7294093845085,0.5211601086294877,0.13708431415977884,0.2422954468561329,0.1933365295075865,0.10360055667697043,0.1842731501210247,True,False,False,ok,MONTE CARLO SYNTHETIC | yaw_only
mc_0141_l_prism,tilted_irregular,201.20909854977972,179.7710405384752,111.98898356281362,208.83709953606285,184.6929089964301,112.90984340868019,7.628000986283126,4.921868457954901,0.9208598458665733,3.7910815371979494,2.7378539075104844,0.822277170995191,True,False,False,ok,MONTE CARLO SYNTHETIC | tilted_irregular
mc_0142_box,small_object,30.337566214844166,23.40039353013098,21.87956860920167,31.055221174033058,24.323777830652684,22.63650475328729,0.7176549591888914,0.923384300521704,0.7569361440856213,2.365565365746917,3.9460203920619086,3.459556984899987,True,False,False,ok,MONTE CARLO SYNTHETIC | small_object
mc_0143_composite,noisy_incomplete,279.0691274513888,213.9490374164537,186.6379209083266,0.0,0.0,0.0,279.0691274513888,213.9490374164537,186.6379209083266,100.0,100.0,100.0,False,True,False,insufficient_depth_data,MONTE CARLO SYNTHETIC | noisy_incomplete
mc_0144_box,yaw_only,239.80238126421244,234.64134007856418,230.51583738138396,240.64817024668332,234.8650907039788,231.27886449074566,0.8457889824708786,0.22375062541462398,0.7630271093617012,0.35270249528464637,0.0953585695256029,0.3310085406840345,True,False,False,ok,MONTE CARLO SYNTHETIC | yaw_only
mc_0145_box,tilted_irregular,265.11386692964345,51.325516306885135,32.50892962720669,269.171556160553,53.148359166494195,36.91440632604196,4.057689230909546,1.822842859609061,4.4054766988352725,1.5305458284407223,3.5515334102241325,13.551589515110745,True,False,False,ok,MONTE CARLO SYNTHETIC | tilted_irregular
mc_0146_box,small_object,35.231748571093966,30.048639794873214,13.557866949816667,36.01303773135812,30.713256525231216,13.903140723266732,0.7812891602641514,0.6646167303580022,0.3452737734500655,2.2175713438905595,2.2118030463109233,2.546667368311461,True,False,False,ok,MONTE CARLO SYNTHETIC | small_object
mc_0147_composite,noisy_incomplete,209.1427440297435,166.6603999499739,165.0728309147226,194.72483981864633,166.82117502536443,163.9607956995516,14.41790421109718,0.16077507539051794,1.1120352151710051,6.893810386769487,0.09646867248535192,0.6736633817987212,False,False,False,ok,MONTE CARLO SYNTHETIC | noisy_incomplete
mc_0148_box,yaw_only,312.8550332599227,158.26959478251956,142.4013899363336,313.0429370549672,158.63292858800656,142.92491179158074,0.18790379504446264,0.36333380548700234,0.5235218552471395,0.060060978749972835,0.22956639649344168,0.3676381638418006,True,False,False,ok,MONTE CARLO SYNTHETIC | yaw_only
mc_0149_composite,tilted_irregular,237.49443863286578,157.10007830537862,73.09024896410692,236.22764560517237,162.2912552685375,74.64536483165222,1.26679302769341,5.191176963158881,1.5551158675452967,0.5333990281985931,3.304375796088417,2.127665303628917,True,False,False,ok,MONTE CARLO SYNTHETIC | tilted_irregular
mc_0150_box,small_object,34.168501166633696,32.72989129195932,24.537513424877368,34.97404766663223,32.79535007472029,25.201747188349135,0.8055464999985347,0.06545878276097028,0.664233763471767,2.357570488883981,0.19999694522985292,2.707013347156576,True,False,False,ok,MONTE CARLO SYNTHETIC | small_object
mc_0151_l_prism,noisy_incomplete,262.5180710056484,201.53287191954607,56.858540651176234,265.0689660963265,203.75104443798696,59.77845385899727,2.550895090678125,2.2181725184408947,2.9199132078210326,0.9717026644703783,1.1006504781643818,5.135399492108892,True,False,False,ok,MONTE CARLO SYNTHETIC | noisy_incomplete
mc_0152_box,yaw_only,279.66566228657075,254.29800940383964,106.31902116550606,280.5680852527903,254.67199310126563,107.21868322761127,0.9024229662195467,0.3739836974259845,0.8996620621052074,0.3226792159041829,0.14706512972819902,0.8461910693334074,True,False,False,ok,MONTE CARLO SYNTHETIC | yaw_only
mc_0153_box,tilted_irregular,340.3325098635729,274.9589140760751,108.07390270086634,351.57513642045046,279.33637137277407,111.20432923027458,11.242626556877553,4.377457296698992,3.13042652940824,3.303424219268479,1.5920405095460357,2.896561011655912,True,False,False,ok,MONTE CARLO SYNTHETIC | tilted_irregular
mc_0154_box,small_object,29.415788634605185,16.688683619661024,10.737408246788068,0.0,0.0,0.0,29.415788634605185,16.688683619661024,10.737408246788068,100.0,100.0,100.0,False,False,False,object_overlap,MONTE CARLO SYNTHETIC | small_object
mc_0155_cylinder,noisy_incomplete,234.64027618471277,234.64027618471277,35.17881635869886,235.8743288633106,234.22153692907983,37.304505445959215,1.234052678597834,0.4187392556329428,2.125689087260355,0.5259338672216559,0.17846009322939263,6.04252589281539,True,False,False,ok,MONTE CARLO SYNTHETIC | noisy_incomplete
mc_0156_box,yaw_only,237.04610811848372,154.12405093859257,148.86083917077792,237.49928646907833,153.964675412125,149.15455474904405,0.4531783505946123,0.1593755264675849,0.2937155782661307,0.1911773005647063,0.10340730437398422,0.19730882877072242,True,False,False,ok,MONTE CARLO SYNTHETIC | yaw_only
mc_0157_composite,tilted_irregular,262.6970865192919,207.94142498109437,156.94482655632297,250.7030995238565,206.8211775670042,157.59878785185805,11.993986995435364,1.1202474140901586,0.6539612955350833,4.5657099415735445,0.5387322002780395,0.4166822888554377,True,False,False,ok,MONTE CARLO SYNTHETIC | tilted_irregular
mc_0158_box,small_object,30.693169963674865,26.955512643256274,20.36416584535244,30.616691768140313,27.732604561689186,20.745762493179075,0.07647819553455193,0.7770919184329124,0.3815966478266368,0.24917007798498264,2.8828682604458837,1.8738633869146464,True,False,False,ok,MONTE CARLO SYNTHETIC | small_object
mc_0159_l_prism,noisy_incomplete,295.41761736259417,213.6938597559078,155.1389261455117,297.413486494831,215.19859692967646,157.20786644464556,1.9958691322368054,1.5047371737686603,2.068940299133857,0.6756093797165404,0.7041555501348747,1.3336048859802636,True,False,False,ok,MONTE CARLO SYNTHETIC | noisy_incomplete
mc_0160_box,yaw_only,310.50592266724624,270.20134492574164,251.38057601086481,311.0310598674696,270.15662058249825,251.71234903466114,0.5251372002233552,0.04472434324338792,0.33177302379633034,0.16912308651391447,0.01655222821177272,0.13198037376682234,True,False,False,ok,MONTE CARLO SYNTHETIC | yaw_only
mc_0161_cylinder,tilted_irregular,192.62015939882517,192.62015939882517,37.994244324924026,192.63879228428107,192.39546486041243,38.808769037267524,0.018632885455900805,0.22469453841273435,0.8145247123434984,0.009673382845313154,0.1166516210525495,2.1438107977033103,True,False,False,ok,MONTE CARLO SYNTHETIC | tilted_irregular
mc_0162_box,small_object,35.12819184345588,22.802594887783776,13.97357208295406,0.0,0.0,0.0,35.12819184345588,22.802594887783776,13.97357208295406,100.0,100.0,100.0,False,False,False,object_overlap,MONTE CARLO SYNTHETIC | small_object
mc_0163_l_prism,noisy_incomplete,365.8193349361946,283.62223090331855,73.68360623393727,0.0,0.0,0.0,365.8193349361946,283.62223090331855,73.68360623393727,100.0,100.0,100.0,False,True,False,insufficient_depth_data,MONTE CARLO SYNTHETIC | noisy_incomplete
mc_0164_box,yaw_only,258.590609060921,83.71804881493779,71.92710649712772,259.12926835796264,84.19860008733264,72.51037598243255,0.5386592970416473,0.4805512723948482,0.5832694853048253,0.20830582324617414,0.5740115532997271,0.8109174881490847,True,False,False,ok,MONTE CARLO SYNTHETIC | yaw_only
mc_0165_cylinder,tilted_irregular,296.30259320564164,296.30259320564164,30.752424189974647,296.54524255465515,296.2709691461937,32.489193847824026,0.24264934901350443,0.03162405944794955,1.7367696578493792,0.08189241490880221,0.010672893242618917,5.647586177663254,True,False,False,ok,MONTE CARLO SYNTHETIC | tilted_irregular
mc_0166_box,small_object,27.22025806936168,25.634440392128226,14.250242770052768,27.81524862519049,25.87424545315146,15.016289451177459,0.594990555828808,0.23980506102323318,0.7660466811246902,2.1858373065849506,0.9354799923655522,5.3756746006780745,True,False,False,ok,MONTE CARLO SYNTHETIC | small_object
mc_0167_cylinder,noisy_incomplete,224.17484670823984,224.17484670823984,51.480279681518596,224.31790722581218,223.25353878554833,53.96294593590911,0.14306051757233718,0.9213079226915113,2.482666254390516,0.06381648952726987,0.4109773849385429,4.822557821654167,True,False,False,ok,MONTE CARLO SYNTHETIC | noisy_incomplete
mc_0168_box,yaw_only,189.03572957553564,156.33346503456403,43.00428653404373,189.88043504753065,156.8285145812651,43.79845049022654,0.8447054719950131,0.49504954670106827,0.794163956182814,0.44684963731022204,0.3166625562809709,1.8467088287911146,True,False,False,ok,MONTE CARLO SYNTHETIC | yaw_only
mc_0169_cylinder,tilted_irregular,239.82584824956825,239.82584824956825,197.6761285576346,249.66924198726213,239.87286123646223,196.71733612347964,9.843393737693873,0.04701298689397504,0.9587924341549581,4.104392336997225,0.01960296908657329,0.48503197687595945,False,False,False,low_confidence,MONTE CARLO SYNTHETIC | tilted_irregular
mc_0170_box,small_object,37.20860931331382,24.037475870307276,23.459220766487192,37.95181719587269,24.244387874073894,23.955797076876987,0.7432078825588704,0.2069120037666181,0.4965763103897949,1.9974083855182918,0.8607892312944966,2.1167638743533286,True,False,False,ok,MONTE CARLO SYNTHETIC | small_object
mc_0171_box,noisy_incomplete,178.94255123230917,166.1021338400435,93.93659622309777,180.3941835929108,167.29366648216205,95.75798872430649,1.4516323606016215,1.1915326421185455,1.8213925012087202,0.8112281570843729,0.7173493889404169,1.9389594411989817,True,False,False,ok,MONTE CARLO SYNTHETIC | noisy_incomplete
mc_0172_box,yaw_only,296.4223812495705,218.18894752595446,72.99712381470175,297.37750797136914,218.72892797205395,73.88517418073032,0.9551267217986492,0.5399804460994915,0.8880503660285655,0.3222181529519823,0.24748295100294143,1.2165552827571962,True,False,False,ok,MONTE CARLO SYNTHETIC | yaw_only
mc_0173_box,tilted_irregular,181.32404132237107,101.77289778110323,69.24989108773283,183.75132856025579,102.91065756973947,70.1387799758809,2.4272872378847126,1.1377597886362452,0.8888888881480597,1.3386461167437278,1.117939857704926,1.2835960810709788,True,False,False,ok,MONTE CARLO SYNTHETIC | tilted_irregular
mc_0174_box,small_object,35.122792312762286,17.431410801469593,15.940103012739547,35.44011053104725,18.435119754301994,16.25273123514433,0.3173182182849672,1.003708952832401,0.3126282224047845,0.9034538468903733,5.758047723525517,1.96126851975127,True,False,False,ok,MONTE CARLO SYNTHETIC | small_object
mc_0175_box,noisy_incomplete,131.27363913548103,71.71641303919482,71.6836177012663,132.7749739957289,74.11145531564155,74.03661584423867,1.50133486024788,2.3950422764467305,2.3529981429723676,1.1436681957894277,3.3396013199067554,3.2824768314264383,True,False,False,ok,MONTE CARLO SYNTHETIC | noisy_incomplete
mc_0176_box,yaw_only,261.9443600288146,208.92333348206702,140.6855662661487,263.0865533047849,209.49187249360298,141.59576445643566,1.1421932759703282,0.568539011535961,0.9101981902869625,0.43604423315114854,0.27212805868079915,0.6469733992221002,True,False,False,ok,MONTE CARLO SYNTHETIC | yaw_only
mc_0177_l_prism,tilted_irregular,377.66581524333515,179.86625162232772,28.47689032030341,380.2346046876187,180.22789875792537,30.272772771838817,2.5687894442835386,0.36164713559765005,1.7958824515354053,0.6801752609323227,0.20106447559546348,6.306455625370653,True,False,False,ok,MONTE CARLO SYNTHETIC | tilted_irregular
mc_0178_box,small_object,31.91600194412674,30.971373774914614,12.143955209101593,32.87270053041303,31.69745276452204,12.736880390782328,0.9566985862862865,0.7260789896074265,0.5929251816807355,2.99755147264722,2.344355128978867,4.8824717439368746,True,False,False,ok,MONTE CARLO SYNTHETIC | small_object
mc_0179_composite,noisy_incomplete,265.22630906204205,196.34057380107637,31.84051998565903,252.38072220726963,194.88262150781378,33.80974328893058,12.84558685477242,1.4579522932625935,1.9692233032715478,4.843255143202089,0.7425629176064885,6.184645552768881,True,False,False,ok,MONTE CARLO SYNTHETIC | noisy_incomplete
mc_0180_box,yaw_only,217.59226790321247,144.27511834241636,76.7632736204325,218.2963657177306,144.58059484035277,77.49111362316243,0.7040978145181214,0.30547649793641085,0.7278400027299341,0.3235858614384736,0.21173193371528282,0.9481617554885009,True,False,False,ok,MONTE CARLO SYNTHETIC | yaw_only
mc_0181_l_prism,tilted_irregular,234.99263250673005,155.6383543460537,89.0776982028356,242.60613162975463,156.03724840479472,89.88243945207822,7.613499123024582,0.39889405874103545,0.8047412492426105,3.239888434717857,0.2562954744780425,0.9034149573669531,True,False,False,ok,MONTE CARLO SYNTHETIC | tilted_irregular
mc_0182_box,small_object,29.54170366230338,23.42889125782229,22.04309473722423,29.81900609664244,24.00326316574126,22.294569732574658,0.27730243433905954,0.5743719079189695,0.25147499535042783,0.9386812538266391,2.4515539450771144,1.1408334371750504,True,False,False,ok,MONTE CARLO SYNTHETIC | small_object
mc_0183_l_prism,noisy_incomplete,298.4088554629126,274.14181448587647,216.1907914913449,0.0,0.0,0.0,298.4088554629126,274.14181448587647,216.1907914913449,100.0,100.0,100.0,False,True,False,insufficient_depth_data,MONTE CARLO SYNTHETIC | noisy_incomplete
mc_0184_box,yaw_only,292.8376218409624,190.28972255551503,108.32095062386553,293.1609979092873,190.61539636540184,108.78183275272642,0.3233760683248761,0.3256738098868084,0.460882128860888,0.11042845734503978,0.17114629498279735,0.4254782904013264,True,False,False,ok,MONTE CARLO SYNTHETIC | yaw_only
mc_0185_composite,tilted_irregular,259.8302986494254,168.45385735833673,126.84862669618384,259.80149572724457,175.1124590873182,127.2702091130185,0.028802922180830137,6.658601728981466,0.4215824168346529,0.011085282328714221,3.9527748627431083,0.33235079307905185,True,False,False,ok,MONTE CARLO SYNTHETIC | tilted_irregular
mc_0186_box,small_object,30.051628512000267,22.940297950739865,12.020169201807759,30.925736863765437,22.52788733235392,12.620522171688073,0.8741083517651695,0.4124106183859446,0.6003529698803138,2.908688796735655,1.797756155005143,4.99454674722902,True,False,False,ok,MONTE CARLO SYNTHETIC | small_object
mc_0187_l_prism,noisy_incomplete,278.7083554880518,275.9359469653843,233.4139082936329,280.6159113095269,277.30186123047287,235.18189264794785,1.907555821475114,1.365914265088577,1.7679843543149616,0.6844272099897238,0.4950113532181179,0.7574460182084998,True,False,False,ok,MONTE CARLO SYNTHETIC | noisy_incomplete
mc_0188_box,yaw_only,233.55923348245634,103.4924995664775,96.7542559188059,234.0494931706386,104.09875948308189,97.46251473754837,0.4902596881822774,0.6062599166043867,0.708258818742479,0.20990807379880486,0.5858008253196754,0.7320182580256053,True,False,False,ok,MONTE CARLO SYNTHETIC | yaw_only
mc_0189_cylinder,tilted_irregular,71.44757462153832,71.44757462153832,21.933091295725173,71.31425729507534,70.82387302005446,22.978047008774137,0.13331732646298633,0.6237016014838588,1.0449557130489637,0.18659461453964735,0.8729499983556335,4.764288348412742,True,False,False,ok,MONTE CARLO SYNTHETIC | tilted_irregular
mc_0190_box,small_object,33.02461528470288,21.66531743534973,18.32596072480267,33.78509422324646,22.24637795058851,19.0877427331813,0.760478938543578,0.5810605152387787,0.7617820083786313,2.3027639595118448,2.681984775772102,4.15684623479315,True,False,False,ok,MONTE CARLO SYNTHETIC | small_object
mc_0191_composite,noisy_incomplete,129.86538388796984,109.49345129184712,87.073231952541,120.64615701621027,106.4371164430549,89.17449674813456,9.219226871759574,3.0563348487922184,2.101264795593565,7.0990641198987,2.7913403155461527,2.413215575527107,False,False,False,ok,MONTE CARLO SYNTHETIC | noisy_incomplete
mc_0192_box,yaw_only,295.6241320993504,226.9164324571915,94.67434287153716,296.7287159388072,227.69977662878398,95.52751460116147,1.1045838394568364,0.7833441715924891,0.8531717296243073,0.37364467900936416,0.3452126243612919,0.9011646701176147,True,False,False,ok,MONTE CARLO SYNTHETIC | yaw_only
mc_0193_composite,tilted_irregular,347.5944493013632,226.6230431215023,198.23666439243547,346.23598203342505,235.68098439842646,199.60289966688032,1.358467267938181,9.057941276924169,1.366235274444847,0.39081960907850816,3.996919797810596,0.6891940391713841,True,False,False,ok,MONTE CARLO SYNTHETIC | tilted_irregular
mc_0194_box,small_object,35.1089085154739,30.83971009164218,10.161164561422318,0.0,0.0,0.0,35.1089085154739,30.83971009164218,10.161164561422318,100.0,100.0,100.0,False,False,False,object_overlap,MONTE CARLO SYNTHETIC | small_object
mc_0195_box,noisy_incomplete,239.42241856211464,185.95358585371878,126.51751229114915,241.1347563441932,188.16872563268313,128.8905296863058,1.7123377820785493,2.2151397789643568,2.3730173951566513,0.7151952571368367,1.1912326233423143,1.875643420569108,True,False,False,ok,MONTE CARLO SYNTHETIC | noisy_incomplete
mc_0196_box,yaw_only,333.57732368037813,229.35210320694466,121.37449581747477,334.62046196274736,230.20905802829833,122.40976588300992,1.0431382823692275,0.8569548213536677,1.0352700655351583,0.3127125881520428,0.3736415796372429,0.8529551933974802,True,False,False,ok,MONTE CARLO SYNTHETIC | yaw_only
mc_0197_composite,tilted_irregular,278.98332089398207,238.086332130562,123.71871500088638,277.69516708935805,233.35778504546548,125.5320369294277,1.2881538046240166,4.7285470850965226,1.8133219285413276,0.46173147573705126,1.9860640645694343,1.4656811853633753,True,False,False,ok,MONTE CARLO SYNTHETIC | tilted_irregular
mc_0198_box,small_object,37.375886368827615,30.59393192053875,13.058585746097146,38.1736902527701,31.091625974374935,13.25901391677924,0.7978038839424855,0.4976940538361845,0.20042817068209473,2.1345417097796857,1.6267737508498066,1.5348382633394833,True,False,False,ok,MONTE CARLO SYNTHETIC | small_object
mc_0199_l_prism,noisy_incomplete,289.87857615517,135.39296154744045,53.36142829479705,292.87008762989365,136.47037418745467,55.97793434643877,2.9915114747236657,1.0774126400142165,2.6165060516417213,1.0319877772279145,0.7957670972701938,4.903365849179942,True,False,False,ok,MONTE CARLO SYNTHETIC | noisy_incomplete
mc_0200_box,yaw_only,189.35735745534413,38.66301055909999,31.95213491917797,189.9845732406424,39.72374281681669,32.88827332518607,0.6272157852982616,1.060732257716701,0.9361384060081015,0.33123391334090463,2.743532493661542,2.9298148883510833,True,False,False,ok,MONTE CARLO SYNTHETIC | yaw_only
mc_0201_box,tilted_irregular,367.0966888525673,118.71139514098496,14.862111544887128,368.5356594822331,120.15841923574902,17.93272292570969,1.4389706296657891,1.4470240947640605,3.0706113808225624,0.39198681801341606,1.2189428765836121,20.660667036097678,True,False,False,ok,MONTE CARLO SYNTHETIC | tilted_irregular
mc_0202_box,small_object,33.237120687998,28.756941574645325,12.131847019095934,33.28446104030299,29.44161560203574,12.35853615148213,0.04734035230499245,0.6846740273904146,0.2266891323861966,0.14243217019122587,2.380900018916073,1.8685459190952565,True,False,False,ok,MONTE CARLO SYNTHETIC | small_object
mc_0203_cylinder,noisy_incomplete,232.15080906952187,232.15080906952187,75.84156479618274,0.0,0.0,0.0,232.15080906952187,232.15080906952187,75.84156479618274,100.0,100.0,100.0,False,True,False,insufficient_depth_data,MONTE CARLO SYNTHETIC | noisy_incomplete
mc_0204_box,yaw_only,273.8012624214901,241.36669033752554,152.1856441268956,273.8943712065861,241.6738929283718,152.46230434034956,0.09310878509597842,0.3072025908462592,0.2766602134539653,0.0340059736293862,0.12727629915158103,0.18179126884220445,True,False,False,ok,MONTE CARLO SYNTHETIC | yaw_only
mc_0205_box,tilted_irregular,312.4034538348298,198.6996850149416,96.88820486563417,315.7038784465188,205.67515899030988,99.24481625733469,3.3004246116889817,6.975473975368288,2.3566113917005254,1.0564622673582675,3.510561164122507,2.4322995714170834,True,False,False,ok,MONTE CARLO SYNTHETIC | tilted_irregular
mc_0206_box,small_object,21.93924030379659,18.57553019049793,16.431294826887605,22.95208025471804,18.799326952418653,16.891210729493952,1.0128399509214496,0.22379676192072395,0.4599159026063475,4.616568016469455,1.204793400918399,2.7990241027977723,True,False,False,ok,MONTE CARLO SYNTHETIC | small_object
mc_0207_composite,noisy_incomplete,258.16764102128,246.30773366186318,149.00081713204517,240.17997732284482,231.83467500223955,150.89046423236897,17.9876636984352,14.473058659623632,1.8896471003237991,6.967435433533875,5.876006589177006,1.2682125754043252,False,False,False,ok,MONTE CARLO SYNTHETIC | noisy_incomplete
mc_0208_box,yaw_only,223.91357418199706,176.4445667612911,86.7664929560386,224.799148396389,177.15037285460187,87.6615544051658,0.8855742143919372,0.7058060933107697,0.8950614491271978,0.3954982263255474,0.400015770542622,1.0315749993268628,True,False,False,ok,MONTE CARLO SYNTHETIC | yaw_only
mc_0209_box,tilted_irregular,274.6090603489555,188.888921749122,177.822258901023,281.57896197036075,199.32223249739525,180.20826910343948,6.969901621405256,10.433310748273243,2.386010202416486,2.538117865648116,5.523516494064448,1.3417950132691512,False,False,False,ok,MONTE CARLO SYNTHETIC | tilted_irregular
mc_0210_box,small_object,28.8137256054148,21.545326328662757,13.551472599036847,29.25097665873386,22.387146549354128,13.892849384356992,0.4372510533190628,0.8418202206913712,0.34137678532014526,1.517509603953793,3.907205710648524,2.5191120952006956,True,False,False,ok,MONTE CARLO SYNTHETIC | small_object
mc_0211_composite,noisy_incomplete,237.2901402417508,211.12933829205866,52.184713260959356,222.1336661484748,203.75590672866264,54.094640579248185,15.156474093276017,7.373431563396025,1.9099273182888297,6.3873172639346185,3.492376579704066,3.659936404628465,False,False,False,ok,MONTE CARLO SYNTHETIC | noisy_incomplete
mc_0212_box,yaw_only,200.87679422133664,110.77445838133765,62.43129663125919,201.7329192851072,111.78170445061514,63.40785783336752,0.8561250637705484,1.0072460692774854,0.9765612021083356,0.426194109224595,0.9092764559588925,1.5642173954454983,True,False,False,ok,MONTE CARLO SYNTHETIC | yaw_only
mc_0213_l_prism,tilted_irregular,298.5536188499339,172.70668118947597,104.85021357752969,309.66716682361346,179.09230658222822,105.45863077287497,11.113547973679545,6.385625392752246,0.6084171953452824,3.7224629922391594,3.6973817971446024,0.5802727286725065,True,False,False,ok,MONTE CARLO SYNTHETIC | tilted_irregular
mc_0214_box,small_object,39.74619404379491,35.52252155781851,18.504022351893507,40.766209499910914,35.89663803509397,19.20115961537396,1.0200154561160062,0.3741164772754644,0.6971372634804531,2.566322337661029,1.0531810830673458,3.7674903878891794,True,False,False,ok,MONTE CARLO SYNTHETIC | small_object
mc_0215_composite,noisy_incomplete,175.6158222571809,159.15068964476745,151.17585338837094,160.4709517554557,153.6464921245635,150.30121873674733,15.144870501725194,5.504197520203945,0.8746346516236088,8.623864471360823,3.4584817272797235,0.5785544662193316,False,False,False,ok,MONTE CARLO SYNTHETIC | noisy_incomplete
mc_0216_box,yaw_only,212.86590401473126,142.691707178253,49.4936977396571,213.47347185567287,142.8200013568966,49.97114708821458,0.6075678409416128,0.1282941786435856,0.477449348557478,0.28542280820115107,0.08991004535625763,0.9646669583447168,True,False,False,ok,MONTE CARLO SYNTHETIC | yaw_only
mc_0217_l_prism,tilted_irregular,372.81287250505045,275.90686332831865,149.6028219123793,390.72174979607064,286.45912052952764,151.00102711344655,17.90887729102019,10.552257201208988,1.3982052010672419,4.803717524742277,3.82457220306702,0.9346115154740563,True,False,False,ok,MONTE CARLO SYNTHETIC | tilted_irregular
mc_0218_box,small_object,39.50126865584974,16.85711770745754,10.909763153377,40.03359217730065,17.623708697097328,11.197894758563612,0.5323235214509054,0.7665909896397878,0.28813160518661185,1.3476112022849516,4.5475804520285825,2.641043633448851,True,False,False,ok,MONTE CARLO SYNTHETIC | small_object
mc_0219_l_prism,noisy_incomplete,388.6994605537161,233.41071875007185,45.51609833857582,390.208542099996,234.83091555848023,46.86813791024296,1.5090815462799014,1.4201968084083774,1.3520395716671345,0.38823865207586383,0.6084539801829217,2.9704645631307405,True,False,False,ok,MONTE CARLO SYNTHETIC | noisy_incomplete
mc_0220_box,yaw_only,241.78917314338597,200.93448841359026,186.58205856879064,242.20903957163918,201.19657143881636,186.9186923846256,0.41986642825321496,0.2620830252261044,0.33663381583494356,0.1736498052393047,0.13043207629277162,0.18042132154460638,True,False,False,ok,MONTE CARLO SYNTHETIC | yaw_only
mc_0221_cylinder,tilted_irregular,106.93192223724458,106.93192223724458,38.20344175876322,107.22045629790524,106.46490651153204,39.295813568816996,0.2885340606606661,0.46701572571254246,1.092371810053777,0.26982967725999524,0.4367411675967049,2.8593544449518227,True,False,False,ok,MONTE CARLO SYNTHETIC | tilted_irregular
mc_0222_box,small_object,39.36626163465854,32.50279543168411,16.281831368680088,40.11581140415377,33.02900756443171,16.854612147402698,0.7495497694952249,0.5262121327475953,0.5727807787226098,1.9040410198242244,1.6189750012536994,3.517913714696845,True,False,False,ok,MONTE CARLO SYNTHETIC | small_object
mc_0223_composite,noisy_incomplete,219.491689255002,174.95292498168865,36.95273612150657,0.0,0.0,0.0,219.491689255002,174.95292498168865,36.95273612150657,99.99999999999999,100.00000000000001,100.0,False,True,False,insufficient_depth_data,MONTE CARLO SYNTHETIC | noisy_incomplete
mc_0224_box,yaw_only,286.4151962285091,258.8912609838433,146.6397917316176,287.3247161629858,260.1051609337697,147.7681169064572,0.9095199344766911,1.2138999499263718,1.1283251748396026,0.3175529603363132,0.46888409647868645,0.7694536124987689,True,False,False,ok,MONTE CARLO SYNTHETIC | yaw_only
mc_0225_cylinder,tilted_irregular,290.2071356949467,290.2071356949467,181.80595592204878,290.7080631493591,290.6956696120063,182.7480792846599,0.5009274544123627,0.4885339170596126,0.9421233626111132,0.17261031614981245,0.16833973289104043,0.5182026946438754,True,False,False,ok,MONTE CARLO SYNTHETIC | tilted_irregular
mc_0226_box,small_object,36.77999757137721,27.953519320833355,21.915355030620645,37.04823026744542,28.354688125057212,22.28986800254611,0.26823269606821043,0.4011688042238575,0.3745129719254656,0.7292895970089825,1.4351280767887862,1.7089067067459658,True,False,False,ok,MONTE CARLO SYNTHETIC | small_object
mc_0227_cylinder,noisy_incomplete,205.78001865916687,205.78001865916687,204.9336906160506,206.21759055800783,205.69653575283894,205.14779571177618,0.4375718988409574,0.0834829063279301,0.21410509572558567,0.2126406157857858,0.04056900513076671,0.10447530373457138,True,False,False,ok,MONTE CARLO SYNTHETIC | noisy_incomplete
mc_0228_box,yaw_only,189.6176977050762,105.83310174276501,84.43816316185479,190.50981402508071,106.3324042161828,85.16026675974575,0.8921163200045044,0.4993024734177851,0.722103597890964,0.47048156939025093,0.4717828970291127,0.8551862935563911,True,False,False,ok,MONTE CARLO SYNTHETIC | yaw_only
mc_0229_cylinder,tilted_irregular,94.37705287380562,94.37705287380562,91.89537001053645,99.90766100258872,94.50914110907154,91.57750427656657,5.530608128783101,0.13208823526591118,0.3178657339698816,5.860119552766966,0.13995799958124386,0.3458996181564273,False,False,False,low_confidence,MONTE CARLO SYNTHETIC | tilted_irregular
mc_0230_box,small_object,33.888663553692574,33.048048594967376,23.615188937103696,34.09998998116471,33.35216996612584,24.035156753519193,0.21132642747213737,0.30412137115846605,0.41996781641549674,0.623590325824787,0.9202400265314856,1.7783800821328684,True,False,False,ok,MONTE CARLO SYNTHETIC | small_object
mc_0231_box,noisy_incomplete,289.01567156070223,280.91716350465805,95.76297019087356,291.01858130012556,282.9012043078136,98.11132177124732,2.0029097394233304,1.9840408031555512,2.348351580373759,0.6930107729478806,0.7062725461139909,2.452254327213383,True,False,False,ok,MONTE CARLO SYNTHETIC | noisy_incomplete
mc_0232_box,yaw_only,306.89954266844927,89.21830913009704,80.70702831011727,307.62602056039333,90.05949456172979,81.55079700109145,0.7264778919440573,0.8411854316327521,0.843768690974187,0.23671520837972976,0.942839468528983,1.0454711425280094,True,False,False,ok,MONTE CARLO SYNTHETIC | yaw_only
mc_0233_cylinder,tilted_irregular,249.8690815349155,249.8690815349155,223.35894410456325,250.68996950179377,250.28741221843063,222.97101428253728,0.8208879668782743,0.418330683515137,0.38792982202596704,0.3285272278729561,0.16741994685592243,0.17368000353921872,True,False,False,ok,MONTE CARLO SYNTHETIC | tilted_irregular
mc_0234_box,small_object,39.1904571044493,29.010397096608845,14.797894556510814,39.92178116869043,29.421498144696585,15.211236196567983,0.7313240642411287,0.4111010480877404,0.413341640057169,1.8660768928824292,1.4170817680251466,2.7932462856704565,True,False,False,ok,MONTE CARLO SYNTHETIC | small_object
mc_0235_l_prism,noisy_incomplete,352.5915623320114,237.8332049800218,166.27202020499797,355.1947622565092,239.58487052190907,169.61860314760165,2.603199924497801,1.751665541887263,3.346582942603675,0.7383046568898167,0.7365100857276865,2.01271563217771,True,False,False,ok,MONTE CARLO SYNTHETIC | noisy_incomplete
mc_0236_box,yaw_only,84.18621350434647,69.01238696666586,61.55626883391826,84.62076857537723,69.12107558423838,61.8276847822925,0.43455507103075774,0.10868861757252546,0.27141594837424066,0.5161831764868745,0.15749146254718574,0.44092332676389756,True,False,False,ok,MONTE CARLO SYNTHETIC | yaw_only
mc_0237_cylinder,tilted_irregular,267.32813419536575,267.32813419536575,91.72265544638077,267.7437175729241,267.3403896820932,93.27479976986473,0.41558337755833463,0.012255486727440257,1.552144323483958,0.1554581521354661,0.004584435814931413,1.6922147706368036,True,False,False,ok,MONTE CARLO SYNTHETIC | tilted_irregular
mc_0238_box,small_object,28.75680324058095,26.32253616690415,16.559950611162648,30.01622435516724,26.97070859091103,17.111580383222883,1.2594211145862886,0.64817242400688,0.5516297720602346,4.37955882665366,2.46242390891589,3.3311075921228577,True,False,False,ok,MONTE CARLO SYNTHETIC | small_object
mc_0239_box,noisy_incomplete,286.8947107133697,237.3010323390476,224.62154108356802,287.9396005008147,238.35838701555724,226.13632119058263,1.0448897874450154,1.0573546765096467,1.5147801070146159,0.3642067101365776,0.44557525354501387,0.6743699200474537,True,False,False,ok,MONTE CARLO SYNTHETIC | noisy_incomplete
mc_0240_box,yaw_only,201.8037954377961,145.37560859367633,44.46307290645693,202.2267061396042,145.4453819464764,44.79660145949944,0.4229107018080924,0.06977335280006969,0.3335285530425125,0.20956528636670274,0.04799522662366673,0.7501248367250781,True,False,False,ok,MONTE CARLO SYNTHETIC | yaw_only
mc_0241_composite,tilted_irregular,279.2461555141544,155.4459688303234,142.87422811143628,282.06484933232616,165.17146642319827,142.76480325352298,2.8186938181717665,9.72549759287486,0.10942485791329659,1.0093939567339514,6.256513221961193,0.07658824083231407,False,False,False,low_confidence,MONTE CARLO SYNTHETIC | tilted_irregular
mc_0242_box,small_object,27.382972687941315,24.873376335948308,21.73711893776532,27.878279782512138,24.95823523997405,22.221429831900554,0.49530709457082267,0.0848589040257437,0.4843108941352341,1.808814186156428,0.34116359146265623,2.22803627068447,True,False,False,ok,MONTE CARLO SYNTHETIC | small_object
mc_0243_box,noisy_incomplete,243.31944083833125,162.11127741619828,116.28353800573463,0.0,0.0,0.0,243.31944083833125,162.11127741619828,116.28353800573463,100.0,100.0,100.0,False,True,False,insufficient_depth_data,MONTE CARLO SYNTHETIC | noisy_incomplete
mc_0244_box,yaw_only,230.2423010513081,179.34613522239374,122.90820265943582,230.80400070547375,179.34416986476583,123.2083695310191,0.5616996541656647,0.001965357627909725,0.30016687158328637,0.2439602330244664,0.0010958460997626917,0.24422037348883335,True,False,False,ok,MONTE CARLO SYNTHETIC | yaw_only
mc_0245_composite,tilted_irregular,174.42907263112608,81.84262955488828,73.90659500520057,171.5239753617676,92.70700098884288,74.55420352684723,2.905097269358464,10.864371433954602,0.64760852164666,1.6654891444054278,13.274709638536654,0.8762526829995211,False,False,False,low_confidence,MONTE CARLO SYNTHETIC | tilted_irregular
mc_0246_box,small_object,35.457862225735006,33.80430957786693,24.69487716997144,35.78873792954187,34.18549310293362,24.94615520635952,0.3308757038068606,0.38118352506668884,0.25127803638807933,0.933151868266649,1.1276181345714138,1.0175310233720427,True,False,False,ok,MONTE CARLO SYNTHETIC | small_object
mc_0247_l_prism,noisy_incomplete,156.80874337912843,108.89709133987323,50.32342041131655,157.65842784784772,110.18183393082288,52.060885323147524,0.849684468719289,1.284742590949648,1.7374649118309762,0.5418603901856048,1.1797767737798455,3.4525970167168154,True,False,False,ok,MONTE CARLO SYNTHETIC | noisy_incomplete
mc_0248_box,yaw_only,294.24006769168744,73.14520765027717,34.22770996851704,295.0243635921051,74.24178412700121,35.21247324475957,0.7842959004176464,1.0965764767240387,0.984763276242532,0.26654966013651565,1.4991774744382496,2.877093668107876,True,False,False,ok,MONTE CARLO SYNTHETIC | yaw_only
mc_0249_cylinder,tilted_irregular,176.64635213718253,176.64635213718253,51.071940667274596,176.96781388669797,176.89879319579683,51.847609880338084,0.3214617495154357,0.2524410586142949,0.7756692130634875,0.18198040640306593,0.14290759789834245,1.5187776358780773,True,False,False,ok,MONTE CARLO SYNTHETIC | tilted_irregular
mc_0250_box,small_object,25.254669069324596,14.566639248182165,12.12823751941665,26.038874175832206,15.132404981738022,12.560914446951154,0.7842051065076099,0.5657657335558568,0.43267692753450326,3.1051886063323595,3.8839825982953564,3.5675169359258585,True,False,False,ok,MONTE CARLO SYNTHETIC | small_object
mc_0251_l_prism,noisy_incomplete,277.20925097852495,275.2865178463627,36.47807971103237,278.053921911647,275.9895013014904,37.86741980145945,0.8446709331220745,0.7029834551277077,1.3893400904270763,0.30470517493209853,0.2553642875892827,3.8086985428865283,True,False,False,ok,MONTE CARLO SYNTHETIC | noisy_incomplete
mc_0252_box,yaw_only,306.2431883462165,282.20310481813647,203.66659489000344,307.1068956809544,282.16034666478896,204.1390713806272,0.8637073347378532,0.04275815334750632,0.4724764906237624,0.2820331578318757,0.015151553125207985,0.23198526536908923,True,False,False,ok,MONTE CARLO SYNTHETIC | yaw_only
mc_0253_box,tilted_irregular,261.20805633693624,200.31868478213045,122.47619785134532,262.0986612437871,202.81831370698376,123.1362434304123,0.8906049068508537,2.4996289248533117,0.6600455790669884,0.3409561402279449,1.2478261464086313,0.5389174310163631,True,False,False,ok,MONTE CARLO SYNTHETIC | tilted_irregular
mc_0254_box,small_object,27.028856846594785,20.358899632314134,18.555743797836126,27.978568268332708,20.969548257278177,19.101714150763332,0.9497114217379234,0.6106486249640426,0.5459703529272062,3.5136943716418116,2.9994186129529634,2.9423253461328476,True,False,False,ok,MONTE CARLO SYNTHETIC | small_object
mc_0255_box,noisy_incomplete,180.79954257978292,108.62703275111728,65.48839731127786,182.85645442932122,110.36722825445409,67.47328122318486,2.056911849538295,1.7401955033368068,1.9848839119069908,1.1376753614465724,1.601991198014113,3.0308940108466675,True,False,False,ok,MONTE CARLO SYNTHETIC | noisy_incomplete
mc_0256_box,yaw_only,340.62485916052077,196.938021090354,186.92630830908507,341.2542407971176,197.0491294660786,187.29697319460428,0.6293816365968041,0.11110837572459786,0.3706648855192043,0.184772666959168,0.0564179405832569,0.19829465893388593,True,False,False,ok,MONTE CARLO SYNTHETIC | yaw_only
mc_0257_box,tilted_irregular,201.78308290561048,162.19232482530398,104.43944654872409,210.2015233169423,172.82367080223463,106.4467453261777,8.41844041133183,10.631345976930646,2.007298777453613,4.172024874488504,6.5547774769130305,1.921973778860604,False,False,False,ok,MONTE CARLO SYNTHETIC | tilted_irregular
mc_0258_box,small_object,22.15936830372734,11.817520567633137,10.557327118265684,22.536064877271556,12.223346362552746,10.6599628979568,0.3766965735442156,0.40582579491960935,0.10263577969111637,1.6999427437687966,3.4341027172072005,0.9721758030358063,True,False,False,ok,MONTE CARLO SYNTHETIC | small_object
mc_0259_cylinder,noisy_incomplete,186.04569091500326,186.04569091500326,38.94911342375632,185.6862046901606,185.65676981748047,40.37866907102536,0.35948622484266934,0.3889210975227968,1.4295556472690336,0.19322469823120172,0.2090460120898361,3.670316270657656,True,False,False,ok,MONTE CARLO SYNTHETIC | noisy_incomplete
mc_0260_box,yaw_only,120.83216960923075,63.1153475817148,37.96098963911053,121.10064492340389,63.58382924311937,38.43317155483205,0.26847531417314485,0.46848166140456726,0.4721819157215208,0.22218860676042615,0.7422626656662689,1.243860921989874,True,False,False,ok,MONTE CARLO SYNTHETIC | yaw_only
mc_0261_l_prism,tilted_irregular,236.43914331820253,205.75636158580065,166.65571953330817,248.33043320434973,205.87670621907506,166.89186407834757,11.891289886147206,0.12034463327441358,0.23614454503939442,5.029323706415131,0.05848890034159635,0.1416960340159211,False,False,False,ok,MONTE CARLO SYNTHETIC | tilted_irregular
mc_0262_box,small_object,38.6819257080899,23.151490905109483,21.030511004782017,39.67005551226724,24.196077660489888,21.56806493570805,0.9881298041773405,1.0445867553804042,0.537553930926034,2.5545000309296495,4.51196322371561,2.55606690110289,True,False,False,ok,MONTE CARLO SYNTHETIC | small_object
mc_0263_composite,noisy_incomplete,164.9988199643824,90.46339274943918,62.193346810576486,0.0,0.0,0.0,164.9988199643824,90.46339274943918,62.193346810576486,100.0,99.99999999999999,100.0,False,True,False,insufficient_depth_data,MONTE CARLO SYNTHETIC | noisy_incomplete
mc_0264_box,yaw_only,165.30773486500834,164.49993863847635,155.14350584229595,165.8889604753376,164.8995072785441,155.61730905133382,0.5812256103292555,0.3995686400677414,0.4738032090378681,0.3516021865546032,0.24289895994786878,0.3053967399186474,True,False,False,ok,MONTE CARLO SYNTHETIC | yaw_only
mc_0265_composite,tilted_irregular,275.0801641134335,146.3538473213949,76.26060885350599,281.1317097430365,146.22061887006947,77.02352445340871,6.05154562960297,0.13322845132543648,0.7629155999027262,2.1999207573205903,0.09103173832722354,1.0004058600794297,True,False,False,ok,MONTE CARLO SYNTHETIC | tilted_irregular
mc_0266_box,small_object,33.73353048777535,31.833172838240234,25.566202855958462,34.460410352570904,32.090250154107935,26.037238489952898,0.7268798647955563,0.25707731586770066,0.47103563399443615,2.1547696143425292,0.8075767915879293,1.8424153037049713,True,False,False,ok,MONTE CARLO SYNTHETIC | small_object
mc_0267_l_prism,noisy_incomplete,282.8677832139408,272.590638335457,16.34563649621374,284.9864511927128,274.0614919652178,18.795109571260053,2.1186679787720095,1.470853629760768,2.4494730750463134,0.7489958576051772,0.5395833249235427,14.985486038513722,True,False,False,ok,MONTE CARLO SYNTHETIC | noisy_incomplete
mc_0268_box,yaw_only,316.8435464637721,167.96801307539533,105.73724304171513,317.62861532252606,168.25417752854253,106.56682731176248,0.7850688587539594,0.28616445314719385,0.8295842700473486,0.247778080859136,0.17036842188443582,0.7845714964594486,True,False,False,ok,MONTE CARLO SYNTHETIC | yaw_only
mc_0269_cylinder,tilted_irregular,223.57257762482627,223.57257762482627,212.84090711809938,224.82359049908104,224.69828558958855,214.30739367606324,1.2510128742547693,1.1257079647622845,1.4664865579638615,0.5595555982514434,0.5035089619315111,0.6890059706192427,True,False,False,ok,MONTE CARLO SYNTHETIC | tilted_irregular
mc_0270_box,small_object,39.31779794300617,37.357609318813566,35.260664409059984,39.57512123162698,37.5662580152768,35.50380193570855,0.25732328862081033,0.2086486964632357,0.24313752664856736,0.6544702452406362,0.5585172613231401,0.6895432367011634,True,False,False,ok,MONTE CARLO SYNTHETIC | small_object
mc_0271_l_prism,noisy_incomplete,270.4506593027192,200.22573437932482,89.45362555997205,272.8270311867608,201.85141711595216,92.0406077773225,2.376371884041589,1.6256827366273399,2.586982217350453,0.8786711373410566,0.8119249714162651,2.891981405064541,True,False,False,ok,MONTE CARLO SYNTHETIC | noisy_incomplete
mc_0272_box,yaw_only,278.9576623770928,201.48185691889822,109.65123459264608,279.59060623652783,201.85847512748236,110.30493688478252,0.6329438594350449,0.37661820858414785,0.6537022921364439,0.22689602932628405,0.1869241302137426,0.5961650085974367,True,False,False,ok,MONTE CARLO SYNTHETIC | yaw_only
mc_0273_cylinder,tilted_irregular,172.5551935569378,172.5551935569378,63.641941215049975,173.0784920295584,172.4992614165009,63.75945225626367,0.5232984726205814,0.05593214043690864,0.11751104121369593,0.3032644001224508,0.032414057950943556,0.18464402400394891,True,False,False,ok,MONTE CARLO SYNTHETIC | tilted_irregular
mc_0274_box,small_object,31.957378361452495,26.567007124476127,26.507053983521573,32.33996901530043,26.756095285020574,26.599831757933497,0.382590653847938,0.189088160544447,0.0927777744119247,1.1971903624905134,0.7117405421638197,0.35001164018302866,True,False,False,ok,MONTE CARLO SYNTHETIC | small_object
mc_0275_cylinder,noisy_incomplete,285.98184195247364,285.98184195247364,160.79911693113158,285.69660094752624,285.4039394258757,161.7947010989239,0.2852410049474088,0.5779025265979385,0.9955841677923161,0.09974094963512124,0.20207665026997698,0.61914778314281,True,False,False,ok,MONTE CARLO SYNTHETIC | noisy_incomplete
mc_0276_box,yaw_only,348.4611685024618,172.39219696749203,72.44315200072579,349.18199103606867,173.2112662946837,73.1396436763251,0.7208225336068494,0.81906932719167,0.6964916755993045,0.20685878334869814,0.47511972212183234,0.9614320420408081,True,False,False,ok,MONTE CARLO SYNTHETIC | yaw_only
mc_0277_l_prism,tilted_irregular,289.247960419373,174.75437419437458,74.07468178361393,292.21229048466523,175.4096072679089,75.99058657344797,2.964330065292245,0.6552330735343332,1.9159047898340447,1.024840438284972,0.37494516320692217,2.586450246834354,True,False,False,ok,MONTE CARLO SYNTHETIC | tilted_irregular
mc_0278_box,small_object,37.56048105713157,16.41644149158004,10.111308678853408,37.68661577605304,17.029679629120473,10.610019646347435,0.12613471892147032,0.6132381375404314,0.4987109674940271,0.33581763430988126,3.735511973499007,4.93220989818085,True,False,False,ok,MONTE CARLO SYNTHETIC | small_object
mc_0279_composite,noisy_incomplete,231.83203841300733,134.06334876831434,132.72029178270813,224.98675517387906,136.8836491854822,133.90410299128735,6.845283239128264,2.820300417167857,1.1838112085792147,2.9526907868244834,2.1037072720314076,0.8919594680498217,True,False,False,ok,MONTE CARLO SYNTHETIC | noisy_incomplete
mc_0280_box,yaw_only,293.0419761484756,272.9120895253717,211.82943837136068,0.0,0.0,0.0,293.0419761484756,272.9120895253717,211.82943837136068,100.0,100.0,100.0,False,False,False,object_overlap,MONTE CARLO SYNTHETIC | yaw_only
mc_0281_composite,tilted_irregular,252.7290345388571,194.59093234536635,19.425557670768043,241.9448536653586,195.72733068521848,21.99643100499723,10.784180873498485,1.1363983398521214,2.570873334229187,4.267092181622851,0.583993470895758,13.234489211591013,True,False,False,ok,MONTE CARLO SYNTHETIC | tilted_irregular
mc_0282_box,small_object,36.058872530708626,34.58753318999672,34.07242746290488,36.45305137026904,34.62192014652302,34.581886246618076,0.39417883956041067,0.03438695652629775,0.5094587837131996,1.0931535344725996,0.09942008971094539,1.4952230341317903,True,False,False,ok,MONTE CARLO SYNTHETIC | small_object
mc_0283_l_prism,noisy_incomplete,189.7433755702188,135.27256632072525,52.581960765365274,0.0,0.0,0.0,189.7433755702188,135.27256632072525,52.581960765365274,100.0,100.0,100.0,False,True,False,insufficient_depth_data,MONTE CARLO SYNTHETIC | noisy_incomplete
mc_0284_box,yaw_only,248.98336695803928,235.49789628192838,168.47223275652482,249.8597260233136,235.6817407714366,169.01876692290605,0.8763590652743289,0.18384448950823185,0.5465341663812353,0.3519749435399113,0.07806629800554175,0.3244060801230572,True,False,False,ok,MONTE CARLO SYNTHETIC | yaw_only
mc_0285_box,tilted_irregular,250.345151466003,215.59373340140655,35.23102294900997,253.32467889137683,215.88454638957444,35.6992932175799,2.9795274253738455,0.29081298816788603,0.46827026856993115,1.1901678174815649,0.13488935117906758,1.3291418453777541,True,False,False,ok,MONTE CARLO SYNTHETIC | tilted_irregular
mc_0286_box,small_object,34.46147082618308,27.593813694636605,18.305618558869828,34.776617051837256,27.857762517200328,18.531467659245354,0.3151462256541748,0.263948822563723,0.22584910037552675,0.9144886103199447,0.9565507163477971,1.2337692913747158,True,False,False,ok,MONTE CARLO SYNTHETIC | small_object
mc_0287_l_prism,noisy_incomplete,260.3144928997451,151.88836326293816,71.50856064737233,261.5972533744967,152.4363448276517,73.36098156230315,1.2827604747515693,0.5479815647135524,1.8524209149308177,0.49277336058488247,0.36077916236738056,2.5904883249791535,True,False,False,ok,MONTE CARLO SYNTHETIC | noisy_incomplete
mc_0288_box,yaw_only,250.57803280207534,97.4217629472109,96.63371023717012,251.17903559217035,97.44446762671652,97.11716549412782,0.6010027900950092,0.022704679505622494,0.4834552569576971,0.23984655932298932,0.023305551879537725,0.5002966933290078,True,False,False,ok,MONTE CARLO SYNTHETIC | yaw_only
mc_0289_l_prism,tilted_irregular,300.9128391498442,279.04008998297763,239.79328477490265,330.7242249684648,279.4614740764439,238.54853698156015,29.81138581862058,0.4213840934662585,1.2447477933424977,9.906983664387791,0.15101202608269096,0.5190920148205819,False,False,False,low_confidence,MONTE CARLO SYNTHETIC | tilted_irregular
mc_0290_box,small_object,22.45002509828601,22.031531200988937,21.962921386259374,22.972562265767834,22.57485317685331,22.224729314934,0.5225371674818255,0.543321975864373,0.26180792867462443,2.3275571639415213,2.4661108250160333,1.1920451021530263,True,False,False,ok,MONTE CARLO SYNTHETIC | small_object
mc_0291_l_prism,noisy_incomplete,182.21034105564175,177.73699467866587,110.69551802542617,0.0,0.0,0.0,182.21034105564175,177.73699467866587,110.69551802542617,100.00000000000001,100.0,100.0,False,False,False,object_overlap,MONTE CARLO SYNTHETIC | noisy_incomplete
mc_0292_box,yaw_only,298.49420396431697,270.03678327661595,101.8791921234206,299.55322908796256,270.6813289430586,102.68080841789632,1.059025123645597,0.6445456664426388,0.8016162944757212,0.3547891749925558,0.238688099680994,0.7868302425333435,True,False,False,ok,MONTE CARLO SYNTHETIC | yaw_only
mc_0293_cylinder,tilted_irregular,138.89421661727906,138.89421661727906,98.81892750745148,0.0,0.0,0.0,138.89421661727906,138.89421661727906,98.81892750745148,100.0,100.0,100.0,False,False,False,object_overlap,MONTE CARLO SYNTHETIC | tilted_irregular
mc_0294_box,small_object,26.979548334025704,21.289467302494877,15.35930889549754,28.066103130520823,22.26412174622812,16.077889817664712,1.0865547964951183,0.9746544437332432,0.7185809221671722,4.02732760030972,4.578106299630264,4.6784717141655925,True,False,False,ok,MONTE CARLO SYNTHETIC | small_object
mc_0295_composite,noisy_incomplete,162.07658607602775,143.9323473060757,68.51265625375501,149.9761685906284,137.41936737903382,70.48286120666857,12.100417485399362,6.512979927041897,1.9702049529135621,7.465863995755212,4.525028632508774,2.875680291268199,False,False,False,ok,MONTE CARLO SYNTHETIC | noisy_incomplete
mc_0296_box,yaw_only,236.10577388836901,207.99532100043925,47.1480808808998,236.47989588300717,207.92869205866464,47.42508364775338,0.3741219946381591,0.06662894177460998,0.2770027668535846,0.15845525015201206,0.03203386569184856,0.5875165259712648,True,False,False,ok,MONTE CARLO SYNTHETIC | yaw_only
mc_0297_l_prism,tilted_irregular,294.08006014931544,204.54637867427545,38.47265082194278,299.1463114220589,205.49700007055236,42.8232337610445,5.066251272743443,0.9506213962769152,4.35058293910172,1.7227455918538366,0.4647461384739094,11.308248447025065,True,False,False,ok,MONTE CARLO SYNTHETIC | tilted_irregular
mc_0298_box,small_object,24.68567171695202,18.237324719051802,10.989315552228225,25.348620734297413,19.052692221421133,11.596955159724066,0.6629490173453938,0.8153675023693303,0.607639607495841,2.6855619929926267,4.470872317788741,5.529367180403098,True,False,False,ok,MONTE CARLO SYNTHETIC | small_object
mc_0299_composite,noisy_incomplete,180.22863749888703,135.8687676662165,105.71805066854812,170.1138151080596,136.3695932977812,108.01536875729552,10.114822390827413,0.5008256315646804,2.297318088747403,5.612217087803194,0.3686098285626901,2.1730613402531,False,False,False,ok,MONTE CARLO SYNTHETIC | noisy_incomplete
mc_0300_box,yaw_only,219.82301312219207,197.2713459890523,173.35449373881943,220.49473252343685,198.00354630641823,174.16093310414738,0.6717194012447862,0.7322003173659368,0.8064393653279467,0.30557282957057846,0.3711640500524444,0.46519668912820344,True,False,False,ok,MONTE CARLO SYNTHETIC | yaw_only
mc_0301_box,tilted_irregular,270.5945249293635,241.00494169737755,236.51138743008727,275.99473084667784,250.70087529392234,238.29480830129987,5.400205917314338,9.69593359654479,1.7834208712125985,1.995681885553308,4.0231264671409415,0.7540528558016165,True,False,False,ok,MONTE CARLO SYNTHETIC | tilted_irregular
mc_0302_box,small_object,32.34881382314366,26.88259557174096,15.52388832978867,33.509618755397724,27.732190969990512,16.341736135756822,1.1608049322540666,0.8495953982495514,0.8178478059681513,3.5884002999318,3.1603919940775653,5.2683180179722715,True,False,False,ok,MONTE CARLO SYNTHETIC | small_object
mc_0303_l_prism,noisy_incomplete,329.4954683922663,230.90204178824004,112.60815180202134,0.0,0.0,0.0,329.4954683922663,230.90204178824004,112.60815180202134,100.0,100.00000000000001,100.00000000000001,False,True,False,insufficient_depth_data,MONTE CARLO SYNTHETIC | noisy_incomplete
mc_0304_box,yaw_only,299.4355235487058,159.95015262684245,123.64556260059625,299.96901259912374,160.5404135777334,124.29517711774747,0.533489050417927,0.5902609508909507,0.6496145171512211,0.17816491647195973,0.36902806355427914,0.52538441613924,True,False,False,ok,MONTE CARLO SYNTHETIC | yaw_only
mc_0305_composite,tilted_irregular,276.00884097661464,218.61221580991435,133.52647928966127,264.1025062167731,219.13262617036025,135.04919325291317,11.906334759841513,0.5204103604459078,1.5227139632519027,4.313751225400168,0.2380518209002603,1.1403835189488172,True,False,False,ok,MONTE CARLO SYNTHETIC | tilted_irregular
mc_0306_box,small_object,34.32136947741608,22.219986773619386,12.20989373313214,35.02542809162976,23.368322290178625,12.538555343120745,0.704058614213686,1.1483355165592393,0.32866160998860394,2.0513709823757647,5.1680297034316744,2.6917647046899735,True,False,False,ok,MONTE CARLO SYNTHETIC | small_object
mc_0307_box,noisy_incomplete,376.38592168512855,273.8683780335749,169.73490498767634,378.8186111036015,276.47397798386635,172.8789091161774,2.4326894184729326,2.6055999502914347,3.1440041285010523,0.6463284831646908,0.951405915863715,1.8523026414215293,True,False,False,ok,MONTE CARLO SYNTHETIC | noisy_incomplete
mc_0308_box,yaw_only,273.3438594034594,239.4093948243091,69.19661869064724,274.5251440264898,240.25765034148878,70.18482515826513,1.1812846230303649,0.8482555171796946,0.9882064676178857,0.4321606585962379,0.3543117085284761,1.4281138100631696,True,False,False,ok,MONTE CARLO SYNTHETIC | yaw_only
mc_0309_box,tilted_irregular,139.76541974308964,48.3896441661866,48.351083438324245,142.9739048082491,52.03549060817264,49.00172170891766,3.208485065159465,3.6458464419860377,0.6506382705934115,2.295621528599245,7.534352659145319,1.3456539633147078,True,False,False,ok,MONTE CARLO SYNTHETIC | tilted_irregular
mc_0310_box,small_object,25.70958239703956,22.64044473621602,22.08706665404672,26.245766038393445,22.747198825022508,22.602527384791397,0.5361836413538832,0.10675408880648973,0.5154607307446781,2.0855400646866373,0.47151939836112927,2.3337672621648795,True,False,False,ok,MONTE CARLO SYNTHETIC | small_object
mc_0311_cylinder,noisy_incomplete,161.6966508590553,161.6966508590553,115.97599329495841,161.39114187264647,161.26349474807455,117.10069730499407,0.3055089864088245,0.4331561109807467,1.1247040100356571,0.1889395882881488,0.2678819311837894,0.969773121214172,True,False,False,ok,MONTE CARLO SYNTHETIC | noisy_incomplete
mc_0312_box,yaw_only,180.1581309627125,95.82355530217933,74.12708494094191,180.67761392146284,96.14798498851425,74.6571032949369,0.5194829587503307,0.3244296863349234,0.5300183539949899,0.28834832820165557,0.33856986970670755,0.7150130811393203,True,False,False,ok,MONTE CARLO SYNTHETIC | yaw_only
mc_0313_composite,tilted_irregular,232.37057230451515,148.69435192105152,88.53237171156988,225.92217273214436,152.748664296021,89.70333796296285,6.448399572370789,4.05431237496947,1.1709662513929686,2.7750500024247224,2.726608188266684,1.322641909117567,True,False,False,ok,MONTE CARLO SYNTHETIC | tilted_irregular
mc_0314_box,small_object,34.834424334691484,22.83864941267227,18.933683576196028,35.50784091742099,23.045453325549524,19.50792646795464,0.6734165827295087,0.20680391287725186,0.5742428917586118,1.933192798765029,0.9054997479951878,3.032916914702042,True,False,False,ok,MONTE CARLO SYNTHETIC | small_object
mc_0315_l_prism,noisy_incomplete,226.6527810091384,133.8326703543964,90.56839067506549,228.6295488003904,134.54264453296196,92.74024511476324,1.9767677912520014,0.7099741785655453,2.1718544396977535,0.8721568658680169,0.5304939195231583,2.3980269755369408,True,False,False,ok,MONTE CARLO SYNTHETIC | noisy_incomplete
mc_0316_box,yaw_only,227.9839747242226,149.94577462953168,47.209200256315995,229.28539162901768,150.354903368825,47.82766423647559,1.3014169047950759,0.4091287392933225,0.6184639801595964,0.5708370100877991,0.2728511292193124,1.3100496869290932,True,False,False,ok,MONTE CARLO SYNTHETIC | yaw_only
mc_0317_box,tilted_irregular,189.6087567445943,63.982994663429835,49.53512752708696,195.8954611400721,66.41839981874124,50.50140996344959,6.286704395477784,2.4354051553114004,0.9662824363626257,3.3156192274105063,3.806331929479666,1.9507014205913569,True,False,False,ok,MONTE CARLO SYNTHETIC | tilted_irregular
mc_0318_box,small_object,35.72945526183241,23.79010693055626,20.392923447532894,35.9494670342943,24.32798044274719,20.592848769783867,0.22001177246188774,0.5378735121909308,0.19992532225097293,0.6157714156278022,2.2609125455425363,0.9803661685159691,True,False,False,ok,MONTE CARLO SYNTHETIC | small_object
mc_0319_cylinder,noisy_incomplete,100.47758416891556,100.47758416891556,56.98286271138063,100.19632947709725,99.74349546285448,58.556952875756075,0.28125469181830454,0.7340887060610726,1.5740901643754412,0.27991784848795703,0.7305994786130371,2.7623922166708965,True,False,False,ok,MONTE CARLO SYNTHETIC | noisy_incomplete
mc_0320_box,yaw_only,276.78868944127237,120.38639860698939,44.427222900693295,276.8952271339902,120.56631911506261,44.68312808170126,0.10653769271783631,0.17992050807322357,0.255905181007968,0.03849062363526994,0.14945252134386697,0.5760098522925559,True,False,False,ok,MONTE CARLO SYNTHETIC | yaw_only
mc_0321_box,tilted_irregular,399.7239316601509,195.48328815975154,125.90108243091647,412.9730667027804,200.76311437522392,128.51257642715774,13.249135042629462,5.279826215472383,2.611493996241265,3.314571381203666,2.7009092517195836,2.0742426878452176,True,False,False,ok,MONTE CARLO SYNTHETIC | tilted_irregular
mc_0322_box,small_object,36.73020758965549,26.67310309735539,15.68034218089003,37.48935090805966,27.640560449611897,16.377786189483984,0.7591433184041705,0.9674573522565062,0.6974440085939548,2.066809223855222,3.6270896143029887,4.447887683496759,True,False,False,ok,MONTE CARLO SYNTHETIC | small_object
mc_0323_cylinder,noisy_incomplete,210.96814121200165,210.96814121200165,145.12140151522314,0.0,0.0,0.0,210.96814121200165,210.96814121200165,145.12140151522314,100.0,100.0,100.0,False,True,False,insufficient_depth_data,MONTE CARLO SYNTHETIC | noisy_incomplete
mc_0324_box,yaw_only,294.949476467442,182.49519630768415,104.79070080750222,295.1964455325125,183.43295537210494,105.86571784918114,0.24696906507045924,0.9377590644207885,1.0750170416789189,0.0837326677193546,0.5138541087074647,1.025870648249311,True,False,False,ok,MONTE CARLO SYNTHETIC | yaw_only
mc_0325_composite,tilted_irregular,295.4395627103638,211.7928243052804,144.74074239202687,287.9115866330744,215.09753654384946,145.5800677223415,7.527976077289395,3.304712238569067,0.8393253303146366,2.54805957882814,1.5603513713975599,0.5798818746150575,True,False,False,ok,MONTE CARLO SYNTHETIC | tilted_irregular
mc_0326_box,small_object,36.09481596763269,27.560954493648374,25.940407327353615,36.712461757831946,27.97672643938007,26.474268672866568,0.6176457901992549,0.41577194573169507,0.5338613455129533,1.7111758950457499,1.5085542332269835,2.0580299251893694,True,False,False,ok,MONTE CARLO SYNTHETIC | small_object
mc_0327_cylinder,noisy_incomplete,142.79910763879036,142.79910763879036,121.0004047677321,142.47287979114878,142.36560001399266,122.55187877375415,0.32622784764157586,0.43350762479769855,1.5514740060220475,0.22845230130342803,0.30357866513721776,1.2822056331135416,True,False,False,ok,MONTE CARLO SYNTHETIC | noisy_incomplete
mc_0328_box,yaw_only,388.2829954741511,251.51255054798915,236.083807557484,0.0,0.0,0.0,388.2829954741511,251.51255054798915,236.083807557484,100.0,100.0,100.0,False,False,False,object_overlap,MONTE CARLO SYNTHETIC | yaw_only
mc_0329_composite,tilted_irregular,236.8791760235516,204.80684081453825,148.58448598783465,222.33832395530857,198.66672548910955,150.39521736676733,14.540852068243026,6.140115325428695,1.8107313789326724,6.138510067595519,2.998003045703363,1.2186544018336651,False,False,False,ok,MONTE CARLO SYNTHETIC | tilted_irregular
mc_0330_box,small_object,34.20124913723789,33.484837415352416,25.118189553624145,34.86758420826972,33.84827499175977,25.724402159452314,0.6663350710318312,0.36343757640735674,0.6062126058281692,1.948277001106179,1.0853795462680813,2.413440684225996,True,False,False,ok,MONTE CARLO SYNTHETIC | small_object
mc_0331_composite,noisy_incomplete,270.5945224592888,203.21861432531898,91.41442863713993,260.2706936872631,203.78582057706845,93.89868818416313,10.323828772025706,0.567206251749468,2.4842595470232,3.8152393766872854,0.27911136665928926,2.7175792531441725,True,False,False,ok,MONTE CARLO SYNTHETIC | noisy_incomplete
mc_0332_box,yaw_only,272.99198600789856,212.29923225411864,134.90325952770633,274.18059346720327,213.05756580047833,135.93965242787394,1.1886074593047056,0.7583335463596939,1.0363929001676127,0.4354001290244158,0.35720032442320904,0.7682489687765914,True,False,False,ok,MONTE CARLO SYNTHETIC | yaw_only
mc_0333_composite,tilted_irregular,367.1328776740641,37.89764021863969,25.193960948647767,370.15315302638203,37.48567455345892,28.129405584602008,3.020275352317924,0.41196566518076594,2.9354446359542408,0.8226654532965272,1.087048330196938,11.651382019435076,False,False,False,low_confidence,MONTE CARLO SYNTHETIC | tilted_irregular
mc_0334_box,small_object,24.76156485596459,23.161212331976813,19.26987056574392,24.2903742017487,23.2218064001866,19.44906111323949,0.47119065421588857,0.06059406820978808,0.17919054749557262,1.9029114555431166,0.26161872418971244,0.9299001095218561,True,False,False,ok,MONTE CARLO SYNTHETIC | small_object
mc_0335_cylinder,noisy_incomplete,199.8552966930786,199.8552966930786,166.97709416281194,199.82343243682163,199.52739758843535,169.59875832565257,0.03186425625696643,0.3278991046432509,2.6216641628406308,0.015943663632743715,0.16406825841939607,1.5700741326138798,True,False,False,ok,MONTE CARLO SYNTHETIC | noisy_incomplete
mc_0336_box,yaw_only,296.5301096489387,149.71262087947144,97.6983148475412,297.0411514685422,150.07582770292763,98.10592234502381,0.511041819603463,0.3632068234561814,0.4076074974826156,0.17234061667750508,0.24260267526048246,0.4172103665438749,True,False,False,ok,MONTE CARLO SYNTHETIC | yaw_only
mc_0337_l_prism,tilted_irregular,221.80124777928503,109.81859867216409,63.2359383528486,224.31012881581822,115.21502935229887,64.07754690146791,2.5088810365331824,5.3964306801347846,0.8416085486193126,1.131139279716666,4.913949681915425,1.3309022852214867,True,False,False,ok,MONTE CARLO SYNTHETIC | tilted_irregular
mc_0338_box,small_object,25.80696984768015,21.671995782353154,18.48859751141497,26.11564062380232,21.884238384511264,18.907633988958654,0.3086707761221703,0.21224260215810986,0.4190364775436848,1.1960752383717668,0.9793403629717045,2.266458974429884,True,False,False,ok,MONTE CARLO SYNTHETIC | small_object
mc_0339_cylinder,noisy_incomplete,238.83253125061432,238.83253125061432,160.320191444905,239.45915728082923,238.7185896858098,162.73868432042616,0.6266260302149078,0.11394156480452011,2.418492875521167,0.26237046809899184,0.047707723988805247,1.5085391638596546,True,False,False,ok,MONTE CARLO SYNTHETIC | noisy_incomplete
mc_0340_box,yaw_only,287.50311695579825,250.18611099919517,76.9870231264728,288.21489810983564,250.73080731153817,77.54685270294121,0.7117811540373964,0.5446963123430066,0.5598295764684025,0.2475733694904004,0.2177164472350581,0.7271739492365163,True,False,False,ok,MONTE CARLO SYNTHETIC | yaw_only
mc_0341_cylinder,tilted_irregular,124.38855280597896,124.38855280597896,93.31432403625847,124.49438468349072,124.0680310297964,93.79437200996745,0.10583187751176126,0.3205217761825594,0.48004797370897734,0.08508168567314843,0.257677872241595,0.5144418916033177,True,False,False,ok,MONTE CARLO SYNTHETIC | tilted_irregular
mc_0342_box,small_object,29.036628457268797,25.044907202405987,13.805241190136677,29.73791052796477,25.88576578723923,14.266007927322798,0.7012820706959744,0.8408585848332422,0.4607667371861215,2.4151635639378823,3.3574034754357704,3.337621783205946,True,False,False,ok,MONTE CARLO SYNTHETIC | small_object
mc_0343_box,noisy_incomplete,186.7415062845121,118.60822503577936,54.7495252867024,0.0,0.0,0.0,186.7415062845121,118.60822503577936,54.7495252867024,100.0,100.0,100.0,False,True,False,insufficient_depth_data,MONTE CARLO SYNTHETIC | noisy_incomplete
mc_0344_box,yaw_only,271.4292456912622,235.89473346932567,225.11181862030435,272.2688453918564,236.22667424724844,225.75975011700186,0.8395997005941922,0.33194077792276744,0.6479314966975096,0.309325437078802,0.14071563745442034,0.2878265124721747,True,False,False,ok,MONTE CARLO SYNTHETIC | yaw_only
mc_0345_cylinder,tilted_irregular,226.33166850787646,226.33166850787646,160.31082130748567,234.34648459605592,226.22954453923862,159.27272751741157,8.014816088179458,0.10212396863784079,1.0380937900741003,3.5411819039811205,0.04512137842269599,0.647550665393308,False,False,False,low_confidence,MONTE CARLO SYNTHETIC | tilted_irregular
mc_0346_box,small_object,21.302323188698693,16.02233396520748,13.460624557899504,22.211387695164404,16.65801935641963,14.050511042088434,0.909064506465711,0.6356853912121494,0.5898864841889306,4.267443031509295,3.967495575816489,4.382311397599674,True,False,False,ok,MONTE CARLO SYNTHETIC | small_object
mc_0347_composite,noisy_incomplete,205.89169265469718,137.9186844933148,84.04910319309704,199.9596712820501,139.5216536249015,85.08553857908579,5.932021372647085,1.6029691315866899,1.036435385988753,2.8811368230362415,1.162256685869411,1.233130808793538,True,False,False,ok,MONTE CARLO SYNTHETIC | noisy_incomplete
mc_0348_box,yaw_only,284.67365955777257,266.2728762858444,115.40465923315858,285.5644800181447,267.0959133366231,116.36405713727001,0.8908204603721401,0.8230370507786802,0.9593979041114267,0.31292690084357955,0.3090953394348542,0.8313337697857593,True,False,False,ok,MONTE CARLO SYNTHETIC | yaw_only
mc_0349_l_prism,tilted_irregular,191.33056152048582,169.99336961062244,74.3427049480302,200.109551757806,173.07390893507556,75.07529856062288,8.778990237320187,3.0805393244531274,0.7325936125926802,4.588388894881395,1.8121526336640323,0.9854277068675467,True,False,False,ok,MONTE CARLO SYNTHETIC | tilted_irregular
mc_0350_box,small_object,37.56304945067014,33.12200140885125,10.89445609955762,38.09883437399226,33.757693661695804,11.244439851686003,0.5357849233221188,0.6356922528445565,0.3499837521283826,1.4263616270711486,1.9192446887423882,3.212494033021015,True,False,False,ok,MONTE CARLO SYNTHETIC | small_object
mc_0351_box,noisy_incomplete,161.14521997896665,103.51256654610036,64.65489228436101,161.602072384047,104.20065250683237,65.59180775659065,0.45685240508035463,0.6880859607320104,0.9369154722296429,0.28350354117856236,0.6647366437635033,1.4491022088614134,True,False,False,ok,MONTE CARLO SYNTHETIC | noisy_incomplete
mc_0352_box,yaw_only,196.1742449912218,132.18613319857116,47.99273106173666,196.98244883812035,132.98457744710916,49.061753809155526,0.8082038468985502,0.7984442485380043,1.0690227474188632,0.41198264682232616,0.6040302634003027,2.2274680431161515,True,False,False,ok,MONTE CARLO SYNTHETIC | yaw_only
mc_0353_cylinder,tilted_irregular,261.5952431760491,261.5952431760491,43.67137218906901,261.44468135734013,261.2058237818288,45.453678676081054,0.15056181870897944,0.38941939422028327,1.7823064870120433,0.05755525860523921,0.1488633315699134,4.081178121209016,True,False,False,ok,MONTE CARLO SYNTHETIC | tilted_irregular
mc_0354_box,small_object,38.98325841965896,24.95446131294738,16.751095483805866,39.73561246354328,25.736817559756545,16.980557601150075,0.7523540438843241,0.7823562468091652,0.22946211734420885,1.9299414014732994,3.1351357859335844,1.3698334987466434,True,False,False,ok,MONTE CARLO SYNTHETIC | small_object
mc_0355_cylinder,noisy_incomplete,198.49736879378486,198.49736879378486,197.4104767984969,0.0,0.0,0.0,198.49736879378486,198.49736879378486,197.4104767984969,100.0,100.0,100.0,False,False,False,object_overlap,MONTE CARLO SYNTHETIC | noisy_incomplete
mc_0356_box,yaw_only,251.5440336953895,116.02532882332602,56.74349412853986,251.95612055074565,116.4149256302116,57.127499054993535,0.41208685535616496,0.38959680688557796,0.38400492645367734,0.16382294952588178,0.33578599676181436,0.6767382452405891,True,False,False,ok,MONTE CARLO SYNTHETIC | yaw_only
mc_0357_cylinder,tilted_irregular,156.968900684043,156.968900684043,112.26945761568707,157.2493934732592,157.0859842246903,112.5053945952123,0.280492789216197,0.1170835406472861,0.23593697952522064,0.1786932239404484,0.07459027879857508,0.2101524177063931,True,False,False,ok,MONTE CARLO SYNTHETIC | tilted_irregular
mc_0358_box,small_object,27.041647621222438,17.775321644459567,14.87064358560611,27.53944403843282,18.26002666237801,15.11072869673153,0.49779641721038104,0.48470501791844356,0.24008511112541875,1.8408509133138307,2.7268424595260274,1.6144903866689853,True,False,False,ok,MONTE CARLO SYNTHETIC | small_object
mc_0359_cylinder,noisy_incomplete,207.40154020053774,207.40154020053774,59.231417344622194,207.85949017862197,207.85416429093883,62.300913971193076,0.45794997808422977,0.45262409040108764,3.0694966265708814,0.22080355702346052,0.21823564567719353,5.182210327184701,True,False,False,ok,MONTE CARLO SYNTHETIC | noisy_incomplete
mc_0360_box,yaw_only,324.7150150141791,52.13014993597643,41.49247350349938,325.4977154127543,53.04545767930471,42.349133929853,0.7827003985752299,0.9153077433282775,0.8566604263536135,0.24104225625077802,1.7558126045146836,2.064616432860684,True,False,False,ok,MONTE CARLO SYNTHETIC | yaw_only
mc_0361_box,tilted_irregular,297.45204441421106,128.3916679196699,82.32252454871474,307.19636909422377,130.59341989371217,83.94082799220399,9.74432468001271,2.201751974042253,1.6183034434892534,3.2759313183416685,1.7148713851274293,1.965808814004015,True,False,False,ok,MONTE CARLO SYNTHETIC | tilted_irregular
mc_0362_box,small_object,32.28701034703967,29.94075872788571,14.686538366589799,33.16022492141855,30.860910761762952,15.100231128195034,0.8732145743788848,0.9201520338772404,0.41369276160523505,2.7045383421786777,3.073242205516472,2.816815993524648,True,False,False,ok,MONTE CARLO SYNTHETIC | small_object
mc_0363_l_prism,noisy_incomplete,224.26590615378683,208.47809046749143,115.80858768424179,0.0,0.0,0.0,224.26590615378683,208.47809046749143,115.80858768424179,100.0,100.0,100.0,False,True,False,insufficient_depth_data,MONTE CARLO SYNTHETIC | noisy_incomplete
mc_0364_box,yaw_only,228.64744412878568,121.56922414305907,29.279051885577086,228.8665608307383,121.73566360235576,29.58496952669016,0.219116701952629,0.1664394592966829,0.30591764111307285,0.0958316865458647,0.13690920582072802,1.0448345196033086,True,False,False,ok,MONTE CARLO SYNTHETIC | yaw_only
mc_0365_cylinder,tilted_irregular,154.73605389970075,154.73605389970075,63.035105751953076,154.82709552429532,154.19028530275799,63.511132868065815,0.09104162459456688,0.5457685969427644,0.4760271161127392,0.05883672376289218,0.35270939331083706,0.7551777861465553,True,False,False,ok,MONTE CARLO SYNTHETIC | tilted_irregular
mc_0366_box,small_object,36.75809193886292,34.494154008721715,31.51089396980726,37.49953835867555,35.02965701218598,32.15655835913007,0.7414464198126325,0.5355030034642638,0.6456643893228069,2.0170971361784145,1.5524456791399028,2.0490195865006626,True,False,False,ok,MONTE CARLO SYNTHETIC | small_object
mc_0367_composite,noisy_incomplete,191.84134154788137,189.14948098677928,112.69489089026182,176.96239168680282,174.86879514030252,113.9802880750654,14.878949861078553,14.280685846476757,1.2853971848035854,7.75586207906336,7.549947148665407,1.1405993427468317,False,False,False,ok,MONTE CARLO SYNTHETIC | noisy_incomplete
mc_0368_box,yaw_only,220.57299803657924,216.48891882805793,162.45453297240854,221.1469114735999,216.85569978713542,163.0193319875037,0.5739134370206784,0.366780959077488,0.5647990150951614,0.2601920643638811,0.1694225095044225,0.3476659005822186,True,False,False,ok,MONTE CARLO SYNTHETIC | yaw_only
mc_0369_box,tilted_irregular,194.11516906471354,182.22971026550175,145.20536459421294,209.52330886719812,189.00860932354908,146.08003184315544,15.408139802484584,6.77889905804733,0.8746672489425009,7.937627892103509,3.719974667232216,0.602365657348007,False,False,False,ok,MONTE CARLO SYNTHETIC | tilted_irregular
mc_0370_box,small_object,36.105378328911954,33.65955367316773,32.146560825127665,36.67969459546169,33.85404033202205,33.03278025532064,0.5743162665497366,0.19448665885432348,0.8862194301929733,1.5906668012666791,0.5778052220857632,2.756809460936958,True,False,False,ok,MONTE CARLO SYNTHETIC | small_object
mc_0371_composite,noisy_incomplete,295.0297078527951,109.16146094785555,70.3158620348957,294.9256758224616,108.96538671896847,71.47967141333548,0.10403203033354202,0.1960742288870705,1.1638093784397796,0.0352615440291351,0.17961854594519544,1.655116420050735,True,False,False,ok,MONTE CARLO SYNTHETIC | noisy_incomplete
mc_0372_box,yaw_only,205.87402843028812,120.94329687285716,82.07742708899436,206.27973220886437,121.17465781633038,82.33063403415414,0.40570377857625317,0.23136094347322,0.25320694515978914,0.19706408898178734,0.1912970370870909,0.3084976639012376,True,False,False,ok,MONTE CARLO SYNTHETIC | yaw_only
mc_0373_composite,tilted_irregular,334.78903210320607,228.21695053505087,148.96120793983803,335.7401268255978,237.38623925303307,149.43472772864564,0.9510947223917583,9.169288717982198,0.47351978880760726,0.2840877780304829,4.017794776630287,0.31788127617684925,True,False,False,ok,MONTE CARLO SYNTHETIC | tilted_irregular
mc_0374_box,small_object,39.2274597076382,19.981193655750804,12.931656207704858,40.54940954574175,20.692410590708974,13.634743854189967,1.3219498381035564,0.7112169349581698,0.703087646485109,3.3699603490922767,3.5594316696564015,5.436949723935591,True,False,False,ok,MONTE CARLO SYNTHETIC | small_object
mc_0375_composite,noisy_incomplete,291.73624345176955,270.9615806052392,258.33145659653167,268.9900063025993,261.228600503772,258.4196648579646,22.74623714917027,9.732980101467206,0.08820826143295335,7.7968499491324685,3.592014808788362,0.034145381516862326,False,False,False,ok,MONTE CARLO SYNTHETIC | noisy_incomplete
mc_0376_box,yaw_only,264.75271719575545,176.83951620629654,38.5571679004314,265.30466740106493,177.20641480638176,38.91455144486221,0.5519502053094811,0.36689860008522146,0.3573835444308102,0.2084776357182294,0.20747546021173616,0.9268926217654373,True,False,False,ok,MONTE CARLO SYNTHETIC | yaw_only
mc_0377_cylinder,tilted_irregular,105.78836900256452,105.78836900256452,79.90984497380964,105.7978298681696,105.55598608110448,80.95123792550352,0.009460865605078084,0.2323829214600437,1.0413929516938794,0.008943200178129917,0.21966774197493324,1.3032098260673572,True,False,False,ok,MONTE CARLO SYNTHETIC | tilted_irregular
mc_0378_box,small_object,32.354880742586204,23.86720500009505,18.196995023894655,32.874597521538874,24.1628023600729,18.625636106314165,0.5197167789526702,0.2955973599778474,0.42864108241951016,1.6063010186546836,1.2385084888518374,2.355559705636328,True,False,False,ok,MONTE CARLO SYNTHETIC | small_object
mc_0379_box,noisy_incomplete,335.64679325018324,224.18851225628927,132.54032884502183,0.0,0.0,0.0,335.64679325018324,224.18851225628927,132.54032884502183,100.0,100.0,100.0,False,False,False,object_overlap,MONTE CARLO SYNTHETIC | noisy_incomplete
mc_0380_box,yaw_only,363.53995792660874,290.4208027317713,254.24851586022692,364.5061669703901,290.9129301852728,255.12894514218212,0.9662090437813617,0.4921274535014959,0.8804292819552018,0.2657779489473395,0.16945323780955807,0.346286891381194,True,False,False,ok,MONTE CARLO SYNTHETIC | yaw_only
mc_0381_cylinder,tilted_irregular,96.49438846932883,96.49438846932883,37.219586642021625,96.48589525237533,96.45273586883835,37.627840824942055,0.008493216953496585,0.041652600490479585,0.40825418292043025,0.00880177291987937,0.043165826688169595,1.0968799488479635,True,False,False,ok,MONTE CARLO SYNTHETIC | tilted_irregular
mc_0382_box,small_object,37.97512152122725,34.10955528800438,13.645071624331997,38.39480868876937,34.83852082003729,14.256361578311745,0.4196871675421221,0.7289655320329089,0.6112899539797478,1.105163461577144,2.1371299797897714,4.479932174849789,True,False,False,ok,MONTE CARLO SYNTHETIC | small_object
mc_0383_composite,noisy_incomplete,100.88205043208411,50.3315595714369,12.42827110237174,0.0,0.0,0.0,100.88205043208411,50.3315595714369,12.42827110237174,99.99999999999999,100.0,100.00000000000001,False,True,False,insufficient_depth_data,MONTE CARLO SYNTHETIC | noisy_incomplete
mc_0384_box,yaw_only,236.35107984258403,181.324458036555,105.66966379375755,236.9940344885299,181.77958229250424,106.31944314849862,0.6429546459458777,0.45512425594924366,0.6497793547410708,0.2720337247344511,0.2509999262523595,0.6149157018321626,True,False,False,ok,MONTE CARLO SYNTHETIC | yaw_only
mc_0385_box,tilted_irregular,367.13210982315155,233.25758428839308,190.52012478097524,374.0920397879179,246.70057652142071,192.13848292489945,6.9599299647663315,13.442992233027638,1.6183581439242118,1.8957562628120288,5.76315332855677,0.8494420974081874,False,False,False,ok,MONTE CARLO SYNTHETIC | tilted_irregular
mc_0386_box,small_object,36.17746482221496,28.836872774738904,14.800944964206181,36.80837174284987,29.27820981299996,15.029455043910694,0.6309069206349136,0.4413370382610573,0.2285100797045132,1.7439224216935787,1.5304608155974129,1.543888449400561,True,False,False,ok,MONTE CARLO SYNTHETIC | small_object
mc_0387_l_prism,noisy_incomplete,354.34835937276824,225.1462456968106,123.61085768676917,354.8687927841921,225.6053127039882,124.91431791322991,0.5204334114238804,0.45906700717759463,1.3034602264607429,0.14687055764702825,0.20389725165383812,1.054486839468197,True,False,False,ok,MONTE CARLO SYNTHETIC | noisy_incomplete
mc_0388_box,yaw_only,365.27235525100275,244.14650417693744,124.24300867226674,366.14771722232,244.67178150991924,125.05747296069893,0.8753619713172611,0.5252773329818012,0.8144642884321911,0.23964637858119378,0.21514841457698003,0.6555413436426174,True,False,False,ok,MONTE CARLO SYNTHETIC | yaw_only
mc_0389_l_prism,tilted_irregular,314.9436284059428,266.99992307458984,242.37543123125175,316.16880195378087,292.48006566612304,242.70390590738015,1.2251735478380965,25.480142591533195,0.3284746761283941,0.3890136003192685,9.543127315589148,0.13552309095842086,False,False,False,low_confidence,MONTE CARLO SYNTHETIC | tilted_irregular
mc_0390_box,small_object,39.297884549097624,31.164721066287044,16.136619096169007,38.44635672658195,31.863433089447575,16.43911384001333,0.8515278225156706,0.6987120231605317,0.3024947438443242,2.166854099873485,2.241996716974872,1.8745856368149598,True,False,False,ok,MONTE CARLO SYNTHETIC | small_object
mc_0391_composite,noisy_incomplete,346.8498441717127,269.7484602834312,205.06633591388655,0.0,0.0,0.0,346.8498441717127,269.7484602834312,205.06633591388655,100.0,100.0,100.0,False,False,False,object_overlap,MONTE CARLO SYNTHETIC | noisy_incomplete
mc_0392_box,yaw_only,166.98683713305692,124.49421258625758,56.607927393094116,167.56107094979632,124.74680026970312,57.08013807360848,0.5742338167393939,0.2525876834455403,0.4722106805143653,0.3438796893205649,0.2028911048941583,0.8341776536619369,True,False,False,ok,MONTE CARLO SYNTHETIC | yaw_only
mc_0393_cylinder,tilted_irregular,208.43724070246049,208.43724070246049,133.765485655225,215.64920994259043,208.61738362028714,132.795275775056,7.211969240129946,0.18014291782665737,0.9702098801689942,3.460019531934253,0.08642549537671503,0.7253065881805042,True,False,False,ok,MONTE CARLO SYNTHETIC | tilted_irregular
mc_0394_box,small_object,27.708195090646804,22.988870379163576,12.833085329777669,28.42903923030343,23.469876815465994,13.09508971141536,0.7208441396566272,0.4810064363024189,0.26200438163769135,2.601555739370248,2.0923448102016735,2.041632038631746,True,False,False,ok,MONTE CARLO SYNTHETIC | small_object
mc_0395_l_prism,noisy_incomplete,272.18579746646014,206.79156513109393,195.12299274541115,272.9575597031795,207.81146750213065,196.5151837759285,0.7717622367193826,1.0199023710367214,1.3921910305173526,0.2835424345807324,0.49320308127179274,0.7134940946369294,True,False,False,ok,MONTE CARLO SYNTHETIC | noisy_incomplete
mc_0396_box,yaw_only,83.34732160860835,80.39635343939493,70.32308524260344,83.84561202838125,80.84637785504773,70.94657991492149,0.4982904197728999,0.4500244156528055,0.6234946723180457,0.59784814935365,0.5597572481842062,0.8866145024312975,True,False,False,ok,MONTE CARLO SYNTHETIC | yaw_only
mc_0397_l_prism,tilted_irregular,227.82579258803543,194.6491459693521,71.67907333050715,233.37654391690302,197.90129460445314,73.2208866143901,5.550751328867591,3.2521486351010367,1.541813283882945,2.4364016320595896,1.6707746745588568,2.1509950006939302,True,False,False,ok,MONTE CARLO SYNTHETIC | tilted_irregular
mc_0398_box,small_object,36.52740181154901,32.08582918991256,29.707980038295105,36.99749328580617,32.35665244865378,30.294722734340954,0.4700914742571598,0.27082325874122404,0.5867426960458495,1.2869556851660036,0.8440587810221466,1.975033964912822,True,False,False,ok,MONTE CARLO SYNTHETIC | small_object
mc_0399_composite,noisy_incomplete,282.777886985907,157.3181873445677,128.09886834141054,274.0317117302782,160.4649565933984,129.64690994911217,8.746175255628827,3.146769248830708,1.5480416077016343,3.0929487976776335,2.0002577590971513,1.2084740698690457,True,False,False,ok,MONTE CARLO SYNTHETIC | noisy_incomplete
mc_0400_box,yaw_only,339.7410779286423,284.1385563084512,176.08871020956815,340.4076082609609,284.5261848448008,176.60598870272847,0.6665303323185867,0.3876285363496095,0.5172784931603189,0.1961877369620231,0.1364223642809014,0.29376016926053417,True,False,False,ok,MONTE CARLO SYNTHETIC | yaw_only
mc_0401_box,tilted_irregular,387.57847565358446,278.96013535984605,166.50028746457298,393.4808153244226,293.466585383695,167.95694307882516,5.90233967083816,14.50645002384897,1.4566556142521847,1.5228760216585502,5.200187476657301,0.8748667263184899,False,False,False,ok,MONTE CARLO SYNTHETIC | tilted_irregular
mc_0402_box,small_object,36.16152774866056,23.528955853313246,14.194806261011516,37.184751547874995,24.093759197532336,14.534867973936683,1.0232237992144348,0.5648033442190901,0.3400617129251664,2.8295922847240202,2.400460724820294,2.3956770291342724,True,False,False,ok,MONTE CARLO SYNTHETIC | small_object
mc_0403_box,noisy_incomplete,315.52634701945806,67.07794429961957,35.64784956517962,0.0,0.0,0.0,315.52634701945806,67.07794429961957,35.64784956517962,100.0,100.0,100.0,False,True,False,insufficient_depth_data,MONTE CARLO SYNTHETIC | noisy_incomplete
mc_0404_box,yaw_only,117.951865360362,111.78660228548947,89.58429482645896,118.61545893512482,112.21591249320765,90.29428559102992,0.6635935747628139,0.4293102077181885,0.7099907645709607,0.562596931159527,0.38404441940348283,0.7925393239365691,True,False,False,ok,MONTE CARLO SYNTHETIC | yaw_only
mc_0405_box,tilted_irregular,288.9586569073324,285.2156431426521,270.90419478800686,319.2293391235487,305.6916009919323,270.9757759437322,30.2706822162163,20.475957849280235,0.07158115572531187,10.475783124201037,7.17911458981199,0.026423051802991433,False,False,False,low_confidence,MONTE CARLO SYNTHETIC | tilted_irregular
mc_0406_box,small_object,33.11417914362575,26.377483347097268,17.513607112536164,33.56873231021541,26.75029333024369,17.843955176393912,0.45455316658966183,0.37280998314642133,0.3303480638577483,1.3726843857977986,1.4133644906175158,1.886236580134806,True,False,False,ok,MONTE CARLO SYNTHETIC | small_object
mc_0407_cylinder,noisy_incomplete,224.70392657526662,224.70392657526662,178.00835699858118,224.4409320401124,224.0865113345592,179.29371296506642,0.26299453515423465,0.6174152407074303,1.2853559664852412,0.11704047150513067,0.27476833632483116,0.7220761924652145,True,False,False,ok,MONTE CARLO SYNTHETIC | noisy_incomplete
mc_0408_box,yaw_only,291.85081482283834,242.08084330484374,142.0997447693104,292.5268742547941,242.36826488452957,142.61383499534776,0.676059431955764,0.2874215796858266,0.5140902260373537,0.23164555232307682,0.11872958461396588,0.36178124518938815,True,False,False,ok,MONTE CARLO SYNTHETIC | yaw_only
mc_0409_box,tilted_irregular,289.1808043551361,120.17650732937183,111.13561054096094,290.11036891798057,133.0944645462426,111.62053089513773,0.9295645628444618,12.91795721687076,0.48492035417679347,0.32144753346175964,10.749153477614454,0.4363321097678837,False,False,False,low_confidence,MONTE CARLO SYNTHETIC | tilted_irregular
mc_0410_box,small_object,19.47552054607041,15.509868283051718,13.074153172922303,20.295525838343764,16.039362798962927,13.547283513518545,0.8200052922733541,0.5294945159112086,0.47313034059624215,4.21044094987647,3.4139201329634075,3.6188220708331293,True,False,False,ok,MONTE CARLO SYNTHETIC | small_object
mc_0411_cylinder,noisy_incomplete,175.57824355716426,175.57824355716426,110.9170021684064,174.79289131358462,174.75169383176708,113.0512698794758,0.7853522435796378,0.8265497253971716,2.1342677110693984,0.4472947374735214,0.4707586251300355,1.9242024841501921,True,False,False,ok,MONTE CARLO SYNTHETIC | noisy_incomplete
mc_0412_box,yaw_only,161.97696496780458,79.67098410421549,10.920980853586412,162.62618348065791,80.41405209592655,11.496734038604625,0.6492185128533379,0.7430679917110581,0.5757531850182129,0.4008091601064263,0.9326707835553665,5.2719915247277225,True,False,False,ok,MONTE CARLO SYNTHETIC | yaw_only
mc_0413_cylinder,tilted_irregular,193.3292300414929,193.3292300414929,105.12363328185812,193.25111971826146,193.20550326501052,105.33814417446196,0.07811032323144218,0.1237267764823855,0.21451089260384038,0.04040274883145084,0.06399796681331162,0.20405582066279282,True,False,False,ok,MONTE CARLO SYNTHETIC | tilted_irregular
mc_0414_box,small_object,38.67965098263345,24.72331369585297,23.327892170440755,39.39180291318145,24.812665812035327,23.48686387025417,0.7121519305480035,0.08935211618235783,0.15897169981341364,1.8411539723244879,0.36140833418032287,0.6814661978541289,True,False,False,ok,MONTE CARLO SYNTHETIC | small_object
mc_0415_cylinder,noisy_incomplete,269.662962162524,269.662962162524,67.09310061398554,269.6423301728629,269.40260694798076,69.34870652000116,0.020631989661126227,0.26035521454326727,2.2556059060156173,0.0076510283413305635,0.09654837744693799,3.36190440652468,True,False,False,ok,MONTE CARLO SYNTHETIC | noisy_incomplete
mc_0416_box,yaw_only,250.3605037332566,215.2026088849804,109.53816337197749,250.7065882280366,215.56390837520195,110.02077677141125,0.34608449478000125,0.3612994902215405,0.4826133994337596,0.13823446175389253,0.16788806236761036,0.44058927462099823,True,False,False,ok,MONTE CARLO SYNTHETIC | yaw_only
mc_0417_cylinder,tilted_irregular,224.36674946337655,224.36674946337655,96.57494903949448,224.53803589174694,224.47437226704525,96.9690665484516,0.17128642837039365,0.10762280366870414,0.39411750895710895,0.07634216245502669,0.04796735876688869,0.4080949696343448,True,False,False,ok,MONTE CARLO SYNTHETIC | tilted_irregular
mc_0418_box,small_object,36.957964236449115,32.21609676687831,26.959825691166845,37.39831635414928,32.9333391278619,27.714155132317753,0.440352117700165,0.7172423609835903,0.754329441150908,1.1914945176170602,2.2263477980392534,2.7979759579753427,True,False,False,ok,MONTE CARLO SYNTHETIC | small_object
mc_0419_box,noisy_incomplete,215.58228008956567,215.06132498203849,50.71479870251949,216.9146178952659,216.67269445450023,52.50135179566038,1.3323378057002344,1.611369472461746,1.7865530931408955,0.6180182365390616,0.749260459822948,3.52274511355231,True,False,False,ok,MONTE CARLO SYNTHETIC | noisy_incomplete
mc_0420_box,yaw_only,220.32702506961408,188.9751721407142,92.99902546491177,221.12051724721866,189.37132602273084,93.68079889091858,0.7934921776045769,0.39615388201664814,0.6817734260068136,0.36014291817078126,0.20963276684921608,0.7330973874172956,True,False,False,ok,MONTE CARLO SYNTHETIC | yaw_only
mc_0421_cylinder,tilted_irregular,90.51166019103118,90.51166019103118,77.5710347856642,92.6807552291999,90.88693398914818,78.51887292379463,2.16909503816872,0.3752737981169929,0.9478381381304359,2.396481330240428,0.4146137606192963,1.221896988675475,True,False,False,ok,MONTE CARLO SYNTHETIC | tilted_irregular
mc_0422_box,small_object,30.458941794419225,28.44649356223168,13.401103178809464,30.99524478201502,29.317293198489985,14.070827479675403,0.5363029875957963,0.8707996362583046,0.6697243008659388,1.7607407086416222,3.0611844456445154,4.997531113147031,True,False,False,ok,MONTE CARLO SYNTHETIC | small_object
mc_0423_box,noisy_incomplete,366.16159086261695,142.7388894105236,67.65736176118757,0.0,0.0,0.0,366.16159086261695,142.7388894105236,67.65736176118757,100.0,100.0,100.0,False,True,False,insufficient_depth_data,MONTE CARLO SYNTHETIC | noisy_incomplete
mc_0424_box,yaw_only,181.38923500224263,95.77864305924057,46.76732839755467,181.49236690940072,95.96526451135003,46.99541730890506,0.10313190715808673,0.18662145210946335,0.22808891135039033,0.05685668565546993,0.19484662357769583,0.4877099444541212,True,False,False,ok,MONTE CARLO SYNTHETIC | yaw_only
mc_0425_box,tilted_irregular,259.15068798898955,237.11118082809335,144.28885289466996,271.9701064662521,238.3102585549018,144.7011595405698,12.819418477262559,1.19907772680844,0.41230664589983235,4.946704396867051,0.5057027351560349,0.28575086545376716,True,False,False,ok,MONTE CARLO SYNTHETIC | tilted_irregular
mc_0426_box,small_object,20.39461463971466,17.318472544714027,15.29240074747528,21.0964525200377,17.76723149937046,15.663250098496583,0.7018378803230405,0.4487589546564337,0.37084935102130245,3.4412902264715695,2.5912155560936267,2.425056452189355,True,False,False,ok,MONTE CARLO SYNTHETIC | small_object
mc_0427_box,noisy_incomplete,365.9225634534735,281.5298650289951,280.4123559786303,367.41804000692906,282.62420056858997,281.4453473937834,1.4954765534555463,1.0943355395948515,1.0329914151531057,0.40868661919660326,0.3887102846023616,0.36838298781378526,True,False,False,ok,MONTE CARLO SYNTHETIC | noisy_incomplete
mc_0428_box,yaw_only,193.95549264990188,36.911258141117294,11.59915230840481,66.48630766702614,37.29659977749782,4.571727078725967,127.46918498287575,0.38534163638052377,7.027425229678842,65.72084308690508,1.0439677642720948,60.585679391301134,False,False,False,ok,MONTE CARLO SYNTHETIC | yaw_only
mc_0429_composite,tilted_irregular,247.67501298900999,178.55584317257075,62.96029871218564,240.57372689979104,181.2069249956842,64.53460789989379,7.101286089218945,2.651081823113458,1.5743091877081454,2.8671790519030065,1.4847354060271436,2.500479222477777,True,False,False,ok,MONTE CARLO SYNTHETIC | tilted_irregular
mc_0430_box,small_object,33.30660609043353,20.42380293339383,12.068440066960488,33.54121536842173,21.333836711320686,12.249540504344514,0.23460927798819853,0.9100337779268557,0.1811004373840266,0.7043926281506779,4.455750875067982,1.5006118137821425,True,False,False,ok,MONTE CARLO SYNTHETIC | small_object
mc_0431_cylinder,noisy_incomplete,143.4323834641052,143.4323834641052,117.27036534380963,143.22878661590147,142.5424477959763,118.97652860448201,0.20359684820371626,0.889935668128885,1.7061632606723833,0.14194622112981034,0.6204565849326465,1.4548971990240729,True,False,False,ok,MONTE CARLO SYNTHETIC | noisy_incomplete
mc_0432_box,yaw_only,226.0720074890427,211.18866579821267,48.04661533039845,226.6767273358162,211.69517018252884,48.73923835591732,0.6047198467734916,0.5065043843161732,0.6926230255188699,0.26748992654599274,0.23983502258598,1.441564657064733,True,False,False,ok,MONTE CARLO SYNTHETIC | yaw_only
mc_0433_composite,tilted_irregular,375.4591264334324,229.31140488874897,73.41477754584075,382.5096094732245,230.5025397263026,74.8347055260606,7.050483039792084,1.1911348375536193,1.4199279802198532,1.8778297139201676,0.5194398587072028,1.9341173911931278,True,False,False,ok,MONTE CARLO SYNTHETIC | tilted_irregular
mc_0434_box,small_object,38.16771911839017,35.33990286623221,28.746442573003296,38.710237418523164,36.0502538577707,29.56061159329487,0.542518300132997,0.7103509915384905,0.8141690202915726,1.4214061323659186,2.0100536049215947,2.832242696549119,True,False,False,ok,MONTE CARLO SYNTHETIC | small_object
mc_0435_box,noisy_incomplete,315.4782696666406,288.33647479381557,219.35327904616932,318.4987176888477,290.37425324725893,222.21932674261026,3.0204480222071197,2.037778453443366,2.866047696440944,0.9574187234508308,0.7067362722321364,1.3065898576504527,True,False,False,ok,MONTE CARLO SYNTHETIC | noisy_incomplete
mc_0436_box,yaw_only,245.30104664722543,243.79463977976536,167.44582311270807,245.8802845615003,244.2898525349829,168.0582826965636,0.57923791427487,0.49521275521755115,0.6124595838555251,0.23613348666542336,0.20312700708469522,0.3657658175464177,True,False,False,ok,MONTE CARLO SYNTHETIC | yaw_only
mc_0437_cylinder,tilted_irregular,152.7005294823053,152.7005294823053,120.39131457116189,156.1516659387242,152.91190391618687,120.10050987560506,3.4511364564188796,0.2113744338815593,0.29080469555682953,2.26006842813128,0.13842416565166726,0.24154956409661787,False,False,False,low_confidence,MONTE CARLO SYNTHETIC | tilted_irregular
mc_0438_box,small_object,27.095167205752908,22.990818489336235,15.124915703932313,27.87604914739937,22.927684368535353,15.35628448215904,0.780881941646463,0.06313412080088199,0.2313687782267273,2.881997131505667,0.2746057989634658,1.5297194560004983,True,False,False,ok,MONTE CARLO SYNTHETIC | small_object
mc_0439_composite,noisy_incomplete,252.1462946506192,186.1639807956178,56.103360271215834,0.0,0.0,0.0,252.1462946506192,186.1639807956178,56.103360271215834,100.0,100.0,100.0,False,False,False,object_overlap,MONTE CARLO SYNTHETIC | noisy_incomplete
mc_0440_box,yaw_only,261.9203544383657,201.55485382819015,98.09172381000324,263.30031041691007,201.95938747218415,99.16664502366389,1.3799559785443876,0.40453364399400016,1.0749212136606445,0.5268609159847157,0.200706475835523,1.0958327287047083,True,False,False,ok,MONTE CARLO SYNTHETIC | yaw_only
mc_0441_box,tilted_irregular,194.50547534385882,169.26324502678423,63.36414987215611,202.56257186554615,175.36191687424147,65.88395681814126,8.057096521687328,6.09867184745724,2.5198069459851453,4.142349467254582,3.6030691993954065,3.976707572135226,True,False,False,ok,MONTE CARLO SYNTHETIC | tilted_irregular
mc_0442_box,small_object,36.5085785242459,15.593270447067578,13.151741510757311,37.29816497826036,16.551744410341016,13.67448618011486,0.7895864540144615,0.9584739632734376,0.5227446693575484,2.162742253824222,6.146715447070856,3.974718244956195,True,False,False,ok,MONTE CARLO SYNTHETIC | small_object
mc_0443_l_prism,noisy_incomplete,241.9099208300775,124.78512119740093,114.57207806778224,0.0,0.0,0.0,241.9099208300775,124.78512119740093,114.57207806778224,100.0,100.0,100.0,False,True,False,insufficient_depth_data,MONTE CARLO SYNTHETIC | noisy_incomplete
mc_0444_box,yaw_only,286.5060054007633,90.97534353466573,44.45886577823529,287.7830099405917,91.41467589879989,45.255216961776355,1.277004539828397,0.43933236413415955,0.7963511835410628,0.4457165000929488,0.4829136632682833,1.79120895146838,True,False,False,ok,MONTE CARLO SYNTHETIC | yaw_only
mc_0445_l_prism,tilted_irregular,252.98661690434037,226.40895490514382,119.82319336324093,260.0124644126206,238.5098666280551,121.07524455023375,7.025847508280236,12.100911722911292,1.2520511869928157,2.77716173062896,5.344714270679392,1.0449155558701015,False,False,False,ok,MONTE CARLO SYNTHETIC | tilted_irregular
mc_0446_box,small_object,32.85339949687735,27.245883954624247,11.531964106484248,33.2801926013191,28.31428452753792,11.721717503416961,0.42679310444174945,1.0684005729136743,0.18975339693271387,1.299083537709135,3.9213283543782484,1.6454560140888612,True,False,False,ok,MONTE CARLO SYNTHETIC | small_object
mc_0447_composite,noisy_incomplete,240.78060848442132,143.05107567943074,136.17305119473698,234.4039607291988,146.33198258015122,138.5638750542788,6.376647755222535,3.280906900720481,2.3908238595418254,2.64832280114248,2.2935213070839158,1.7557246742769832,True,False,False,ok,MONTE CARLO SYNTHETIC | noisy_incomplete
mc_0448_box,yaw_only,241.04428839385227,164.1856853029388,41.818500684477996,242.05427610733145,164.72799095544204,42.79826749267461,1.0099877134791768,0.542305652503245,0.9797668081966151,0.4190050385383602,0.33030020339631777,2.342902763513663,True,False,False,ok,MONTE CARLO SYNTHETIC | yaw_only
mc_0449_composite,tilted_irregular,312.37715830750943,179.5930349540323,107.86687057395174,318.96918706489055,179.62321210283855,108.95212717740169,6.592028757381115,0.03017714880624567,1.085256603449949,2.1102787390401345,0.016803073022274864,1.006107433798142,True,False,False,ok,MONTE CARLO SYNTHETIC | tilted_irregular
mc_0450_box,small_object,33.360376539092094,26.759400500283736,20.953966898553052,34.23065435196697,27.183746483504628,21.749748767175284,0.8702778128748747,0.424345983220892,0.7957818686222318,2.6087169965095347,1.5857828474759461,3.7977623639234794,True,False,False,ok,MONTE CARLO SYNTHETIC | small_object
mc_0451_l_prism,noisy_incomplete,148.1942635443897,112.82733991993915,105.9768399839399,148.90200865397696,113.3536856492225,107.1041786221133,0.7077451095872505,0.5263457292833493,1.1273386381733985,0.47757928860401155,0.46650548497982636,1.0637594387077776,True,False,False,ok,MONTE CARLO SYNTHETIC | noisy_incomplete
mc_0452_box,yaw_only,191.7053230874791,49.903288187563945,11.444736670254747,192.50625054137163,51.013581532038614,12.058429004050488,0.800927453892541,1.1102933444746697,0.6136923337957416,0.4177909308898331,2.224890152131014,5.3622232776289955,True,False,False,ok,MONTE CARLO SYNTHETIC | yaw_only
mc_0453_l_prism,tilted_irregular,302.2792191338246,220.1593989347137,141.87966422427385,318.16551325603956,220.78688819057405,142.81664616358447,15.886294122214963,0.627489255860354,0.9369819393106127,5.255503229013506,0.2850158834447174,0.6604060873935355,False,False,False,ok,MONTE CARLO SYNTHETIC | tilted_irregular
mc_0454_box,small_object,38.37354008793212,20.67758963654584,17.438850914700666,38.75280867972711,21.319040981460255,17.9672464032303,0.3792685917949896,0.6414513449144152,0.5283954885296325,0.988359663783701,3.102157244578961,3.029990284991792,True,False,False,ok,MONTE CARLO SYNTHETIC | small_object
mc_0455_l_prism,noisy_incomplete,289.2349357356529,221.68856453588577,178.7462430759027,290.736798867715,222.42405825323402,180.61309330500416,1.5018631320620557,0.7354937173482483,1.866850229101459,0.5192537091835572,0.33176890241859563,1.0444136877935504,True,False,False,ok,MONTE CARLO SYNTHETIC | noisy_incomplete
mc_0456_box,yaw_only,175.32012586448053,68.93740029427354,68.35947267382116,175.74530468655732,69.57340888428534,69.1971749190382,0.4251788220767878,0.636008590011798,0.8377022452170451,0.24251569520629013,0.9225885909489825,1.225436962064001,True,False,False,ok,MONTE CARLO SYNTHETIC | yaw_only
mc_0457_composite,tilted_irregular,310.5289826283574,162.18283879966725,39.97197475737361,311.0336980271738,164.93824184714984,41.11140412348364,0.5047153988163586,2.755403047482588,1.1394293661100292,0.1625340715524787,1.6989485865925298,2.8505706136018194,True,False,False,ok,MONTE CARLO SYNTHETIC | tilted_irregular
mc_0458_box,small_object,28.938213917088344,23.227388652317497,11.151727045994113,29.834954609161166,24.38655668817548,11.784188297673284,0.8967406920728216,1.1591680358579843,0.632461251679171,3.098811469989466,4.990522409596522,5.671419763689085,True,False,False,ok,MONTE CARLO SYNTHETIC | small_object
mc_0459_box,noisy_incomplete,203.25779799308057,180.2339752388622,164.28244299057934,204.1027773365305,180.98228028503763,165.3220725468318,0.8449793434499213,0.7483050461754317,1.0396295562524642,0.4157180446669439,0.41518534182232336,0.6328305918314601,True,False,False,ok,MONTE CARLO SYNTHETIC | noisy_incomplete
mc_0460_box,yaw_only,285.32526540735176,137.23034102538324,116.62594304702846,286.19745373233735,138.39075403368255,117.66532067291664,0.8721883249855864,1.1604130082993152,1.0393776258881786,0.3056821216797555,0.8455950773194361,0.8912061919782789,True,False,False,ok,MONTE CARLO SYNTHETIC | yaw_only
mc_0461_composite,tilted_irregular,338.39504450734097,227.3401562691201,24.038259376537926,327.84156939871434,232.40175746839725,26.83984915506322,10.553475108626628,5.061601199277163,2.801589778525294,3.118684886178257,2.2264439693994733,11.654711494043246,True,False,False,ok,MONTE CARLO SYNTHETIC | tilted_irregular
mc_0462_box,small_object,37.80001547498916,35.867618426812925,12.52811074361506,38.83872998351799,36.47558549152036,13.313743433238855,1.0387145085288338,0.607967064707438,0.785632689623796,2.7479208552602628,1.695030479784938,6.2709590113113665,True,False,False,ok,MONTE CARLO SYNTHETIC | small_object
mc_0463_composite,noisy_incomplete,211.55971611239647,171.02336298254144,131.943448920065,0.0,0.0,0.0,211.55971611239647,171.02336298254144,131.943448920065,100.00000000000001,100.0,100.0,False,True,False,insufficient_depth_data,MONTE CARLO SYNTHETIC | noisy_incomplete
mc_0464_box,yaw_only,290.86598661909534,163.94843352752963,124.76383022742506,291.6357689174712,164.2890227559707,125.47778514089184,0.7697822983758442,0.3405892284410754,0.7139549134667789,0.26465187879939894,0.20774167896144302,0.5722451067471639,True,False,False,ok,MONTE CARLO SYNTHETIC | yaw_only
mc_0465_cylinder,tilted_irregular,228.6259397067882,228.6259397067882,34.57128753961917,228.53633029721337,228.41087604839083,36.60275084792952,0.08960940957481967,0.21506365839735508,2.03146330831035,0.039194769276724835,0.09406791664724193,5.876157507822829,True,False,False,ok,MONTE CARLO SYNTHETIC | tilted_irregular
mc_0466_box,small_object,21.94601291708102,16.51950554276191,12.667731676300047,22.76904636878755,16.84599974544743,13.278060008219542,0.8230334517065288,0.3264942026855202,0.6103283319194954,3.7502641359786377,1.976416314885254,4.817976473730917,False,False,False,low_confidence,MONTE CARLO SYNTHETIC | small_object
mc_0467_box,noisy_incomplete,95.530873087806,86.85415589766353,65.12463028269839,96.25844882224915,87.68175042502398,66.70600135967477,0.7275757344431497,0.8275945273604464,1.5813710769763816,0.7616131946940417,0.9528554146972137,2.4282227324928143,True,False,False,ok,MONTE CARLO SYNTHETIC | noisy_incomplete
mc_0468_box,yaw_only,282.10531244703253,224.91672715260117,130.79816415442622,282.83119861292107,225.52073202669706,131.69920411036043,0.7258861658885394,0.6040048740958923,0.901039955934209,0.25731034966767247,0.2685459999985186,0.6888781366001442,True,False,False,ok,MONTE CARLO SYNTHETIC | yaw_only
mc_0469_box,tilted_irregular,395.72432917033666,135.83007703900972,120.24572544519287,408.50373534833955,136.93073256502163,121.56476500836528,12.779406178002887,1.1006555260119057,1.3190395631724101,3.2293708614771788,0.8103179722822383,1.0969533913067195,True,False,False,ok,MONTE CARLO SYNTHETIC | tilted_irregular
mc_0470_box,small_object,26.242170280508535,25.537867642921558,18.781532127697492,26.23264017845237,25.913043992872872,19.356870466307626,0.009530102056164225,0.3751763499513139,0.5753383386101341,0.036315982840957106,1.4690981846924214,3.063319513543154,True,False,False,ok,MONTE CARLO SYNTHETIC | small_object
mc_0471_cylinder,noisy_incomplete,189.6523923760371,189.6523923760371,75.33063795490133,190.84637627643218,189.3325606718725,77.65507888480028,1.193983900395068,0.3198317041646135,2.324440929898941,0.6295643758754556,0.16864100692727393,3.0856514600215235,True,False,False,ok,MONTE CARLO SYNTHETIC | noisy_incomplete
mc_0472_box,yaw_only,183.6055827352127,169.35473202916927,146.5050026102848,184.70451507439773,169.55873667472062,147.15473575943508,1.0989323391850405,0.20400464555135045,0.6497331491502791,0.5985288262012538,0.12045996182510753,0.44348871203983525,True,False,False,ok,MONTE CARLO SYNTHETIC | yaw_only
mc_0473_box,tilted_irregular,292.3219609417137,267.24065356921693,137.46698089084455,303.2291765691969,275.855417514133,140.31019686323148,10.907215627483197,8.614763944916092,2.843215972386929,3.7312337370567907,3.223597843314216,2.068290111532005,True,False,False,ok,MONTE CARLO SYNTHETIC | tilted_irregular
mc_0474_box,small_object,36.20005246599337,32.269212239475365,21.697919121771843,36.95830371122854,32.79396405160429,22.177361464800956,0.7582512452351651,0.5247518121289261,0.47944234302911326,2.09461366374392,1.6261686471756818,2.2096236064777175,True,False,False,ok,MONTE CARLO SYNTHETIC | small_object
mc_0475_composite,noisy_incomplete,266.23727765335144,266.0659232505883,87.59494851427121,246.43964767561303,245.16889449304492,89.69802386699023,19.79762997773841,20.89702875754338,2.103075352719017,7.4360848909804025,7.854079358318268,2.400909399902642,False,False,False,ok,MONTE CARLO SYNTHETIC | noisy_incomplete
mc_0476_box,yaw_only,220.1159327930481,188.73518640859635,160.04779930969414,220.77499886640118,189.3910726899119,160.66209302438907,0.659066073353074,0.6558862813155599,0.6142937146949237,0.29941770456604094,0.34751669457947254,0.38381890744168184,True,False,False,ok,MONTE CARLO SYNTHETIC | yaw_only
mc_0477_box,tilted_irregular,393.0422082437519,210.76904395779766,80.79696283543825,397.0512352318681,219.12061379935676,82.96887925599715,4.009026988116204,8.351569841559098,2.171916420558901,1.0199991003586917,3.9624271594795175,2.688116414700528,True,False,False,ok,MONTE CARLO SYNTHETIC | tilted_irregular
mc_0478_box,small_object,23.416117002500265,22.043105270836296,18.210336366583537,23.81684545087749,22.059966200445693,18.55136731387789,0.400728448377226,0.01686092960939689,0.3410309472943531,1.7113360354940064,0.07649071853639614,1.8727328283740776,True,False,False,ok,MONTE CARLO SYNTHETIC | small_object
mc_0479_composite,noisy_incomplete,237.4148566564206,209.07182144344418,159.419174743173,218.7897468469667,200.25817574001084,162.2902751656188,18.625109809453903,8.813645703433338,2.8711004224458065,7.84496390485267,4.215606695624215,1.8009755897125916,False,False,False,ok,MONTE CARLO SYNTHETIC | noisy_incomplete
mc_0480_box,yaw_only,319.9229022387808,255.59499633865974,73.91990859810954,320.3718704472779,255.88608267772082,74.39856904420401,0.4489682084970923,0.2910863390610814,0.4786604460944659,0.14033637646922695,0.11388577367742994,0.6475392829513149,True,False,False,ok,MONTE CARLO SYNTHETIC | yaw_only
mc_0481_l_prism,tilted_irregular,237.34644471424815,147.95860702319993,137.48577394218634,244.9993696901896,148.35676285684198,138.51449616194233,7.65292497594146,0.39815583364205054,1.0287222197559913,3.22436891151041,0.26909947427365255,0.7482390288529602,True,False,False,ok,MONTE CARLO SYNTHETIC | tilted_irregular
mc_0482_box,small_object,22.008606090494396,16.440783825383654,11.571386894913777,22.424503788882816,17.011160665334714,11.995735554711116,0.41589769838842017,0.5703768399510594,0.4243486597973387,1.8897048576286166,3.469280090347209,3.6672238483691344,True,False,False,ok,MONTE CARLO SYNTHETIC | small_object
mc_0483_box,noisy_incomplete,279.08561026262487,207.98932358294527,57.10131152294033,0.0,0.0,0.0,279.08561026262487,207.98932358294527,57.10131152294033,100.0,100.00000000000001,100.0,False,True,False,insufficient_depth_data,MONTE CARLO SYNTHETIC | noisy_incomplete
mc_0484_box,yaw_only,215.74260510199727,215.1700362699477,51.582157832073605,216.6879269578837,216.20908328451802,52.43900908350129,0.9453218558864194,1.0390470145703148,0.8568512514276847,0.4381711509599584,0.4828957751658083,1.6611388267570644,True,False,False,ok,MONTE CARLO SYNTHETIC | yaw_only
mc_0485_cylinder,tilted_irregular,267.75007451291515,267.75007451291515,147.85631851128625,268.5663917233444,267.68131815833897,149.28711260055152,0.8163172104292471,0.06875635457618046,1.4307940892652766,0.30488029253185933,0.02567930361971344,0.9676922188185421,True,False,False,ok,MONTE CARLO SYNTHETIC | tilted_irregular
mc_0486_box,small_object,36.518161001360646,13.987257104985027,12.224345434846391,37.62012867002272,14.916489747384162,12.74345556880829,1.101967668662077,0.9292326423991355,0.5191101339618989,3.0175880669922517,6.643422905752973,4.24652703679444,True,False,False,ok,MONTE CARLO SYNTHETIC | small_object
mc_0487_composite,noisy_incomplete,199.61018889857533,188.1828207658442,152.45877900463336,187.01102937861313,174.18674545827494,154.29914977939595,12.5991595199622,13.99607530756927,1.8403707747625901,6.311881968291711,7.4374883162074505,1.2071267963563186,False,False,False,ok,MONTE CARLO SYNTHETIC | noisy_incomplete
mc_0488_box,yaw_only,260.12569869397805,223.21641237687356,101.2035565973058,261.27682859136524,223.90310076186833,102.20148810975276,1.151129897387193,0.6866883849947669,0.9979315124469537,0.4425283250239058,0.30763346551568876,0.9860636779967871,True,False,False,ok,MONTE CARLO SYNTHETIC | yaw_only
mc_0489_box,tilted_irregular,347.6645906698013,283.1605770044884,270.3035017158315,362.0647246688917,296.7091446750122,272.0671354072713,14.400133999090372,13.548567670523823,1.763633691439793,4.141961645086564,4.784764819259802,0.6524642412120473,True,False,False,ok,MONTE CARLO SYNTHETIC | tilted_irregular
mc_0490_box,small_object,28.449967734623478,28.35334614380851,13.138193069867208,29.098565403428083,28.7931401298528,13.747090014603243,0.6485976688046051,0.4397939860442932,0.6088969447360348,2.279783495203282,1.5511184599293957,4.63455622472588,True,False,False,ok,MONTE CARLO SYNTHETIC | small_object
mc_0491_cylinder,noisy_incomplete,166.47684632577503,166.47684632577503,139.32982036810478,166.44886770884614,165.62568033643026,141.7818104475969,0.027978616928891142,0.8511659893447643,2.451990079492134,0.01680631123570204,0.5112819038385287,1.7598458628698848,True,False,False,ok,MONTE CARLO SYNTHETIC | noisy_incomplete
mc_0492_box,yaw_only,142.0622606618914,59.014644202770235,37.646623241067516,142.44473640262368,59.53269927354702,38.29710649668139,0.38247574073227497,0.5180550707767821,0.6504832556138709,0.26923106738570657,0.8778415557277288,1.7278661394105572,True,False,False,ok,MONTE CARLO SYNTHETIC | yaw_only
mc_0493_composite,tilted_irregular,389.38996369009453,48.97262762734945,37.62136195491282,392.18694173217625,48.80559340672109,38.72631391749715,2.7969780420817187,0.16703422062836637,1.1049519625843303,0.7182974146472254,0.3410766967608733,2.9370333905204062,True,False,False,ok,MONTE CARLO SYNTHETIC | tilted_irregular
mc_0494_box,small_object,25.00430095934015,23.42432577738733,11.708119138942184,25.613829554439732,23.97770928676192,12.26706808065036,0.609528595099583,0.5533835093745907,0.5589489417081754,2.4376950033146145,2.362430896127646,4.774028476094546,True,False,False,ok,MONTE CARLO SYNTHETIC | small_object
mc_0495_composite,noisy_incomplete,299.5161767357858,105.07023694391177,62.60603346434426,299.8319820429003,105.16483729326362,63.51513186169231,0.31580530711448773,0.09460034935185035,0.9090983973480533,0.10543848100500801,0.09003534407403077,1.4520939069966925,True,False,False,ok,MONTE CARLO SYNTHETIC | noisy_incomplete
mc_0496_box,yaw_only,249.53490224055327,241.4603402114987,195.590300196135,249.99625374467024,241.58372378460567,195.86891570800324,0.46135150411697623,0.12338357310696324,0.27861551186825295,0.18488455922379562,0.0510988980628826,0.1424485322579195,True,False,False,ok,MONTE CARLO SYNTHETIC | yaw_only
mc_0497_l_prism,tilted_irregular,286.2210711421697,285.27372310074634,253.07635945063458,317.5013407635739,286.05445042827864,251.72114838083962,31.280269621404216,0.7807273275323041,1.3552110697949615,10.928709579829256,0.27367656545660357,0.5354949283831906,False,False,False,low_confidence,MONTE CARLO SYNTHETIC | tilted_irregular
mc_0498_box,small_object,28.495049859956993,18.87145785509887,10.027691042126484,28.88324795498897,19.619983420171025,10.724701147676434,0.3881980950319779,0.7485255650721534,0.6970101055499498,1.362335201867809,3.9664427137509652,6.950853418018162,True,False,False,ok,MONTE CARLO SYNTHETIC | small_object
mc_0499_l_prism,noisy_incomplete,279.2229664151871,218.5078994342698,156.891180582862,282.03638726109403,219.47813811693982,159.61550163441737,2.8134208459069328,0.9702386826700149,2.724321051555364,1.0075893405285121,0.4440291107012706,1.7364398951134894,True,False,False,ok,MONTE CARLO SYNTHETIC | noisy_incomplete
